,Room Type,Neighbourhood,Neighbourhood Group,latitude,longitude,price,minimum_nights,number_of_reviews,calculated_host_listings_count,availability_365
1,Entire home/apt,Allerton,Bronx,40.86576,-73.859011875,123.0625,2.25,54,2.4375,193.9375
2,Private room,Allerton,Bronx,40.8650034615385,-73.8585519230769,65.7692307692308,2.19230769230769,36.1153846153846,2.96153846153846,145.038461538462
3,Entire home/apt,Baychester,Bronx,40.87117,-73.8423533333333,90.3333333333333,3,95.3333333333333,1.66666666666667,103
4,Private room,Baychester,Bronx,40.87545,-73.8434275,64.25,2,6,1.75,199
5,Entire home/apt,Belmont,Bronx,40.8532366666667,-73.89207,228.666666666667,1.66666666666667,32,2.33333333333333,311.666666666667
6,Private room,Belmont,Bronx,40.855167368421,-73.8861431578947,52.9473684210526,3.89473684210526,10.4210526315789,1.47368421052632,169
7,Shared room,Belmont,Bronx,40.856795,-73.88884,79.5,1,1,1.5,179
8,Entire home/apt,Bronxdale,Bronx,40.85421125,-73.8662675,77.5,3.75,8.875,1,60
9,Private room,Bronxdale,Bronx,40.85502,-73.866227,40.8,2.4,38.3,1.2,194.3
10,Shared room,Bronxdale,Bronx,40.856,-73.86705,57,1,4,1,340
11,Entire home/apt,Castle Hill,Bronx,40.8177825,-73.8474575,93.5,2.5,29.5,4,137.25
12,Private room,Castle Hill,Bronx,40.816174,-73.846634,38.6,2.2,0,7,177
13,Entire home/apt,City Island,Bronx,40.8497218181818,-73.7876909090909,235.272727272727,1.90909090909091,56.8181818181818,1.54545454545455,97
14,Private room,City Island,Bronx,40.8449657142857,-73.7860542857143,75.1428571428571,2.28571428571429,19.1428571428571,1.28571428571429,185
15,Entire home/apt,Claremont Village,Bronx,40.83808125,-73.9101175,130.5,46.25,14.5,4.125,179.75
16,Private room,Claremont Village,Bronx,40.839627,-73.908943,70.25,2.8,11.7,1.45,179.65
17,Entire home/apt,Clason Point,Bronx,40.8111225,-73.85476125,171.75,2,27.5,2.5,208.75
18,Private room,Clason Point,Bronx,40.811376,-73.85649,81.9,2.3,6.3,3,233.2
19,Shared room,Clason Point,Bronx,40.815465,-73.867225,42.5,1,16.5,4,253
20,Private room,Co-op City,Bronx,40.864815,-73.82324,77.5,2.5,17,7,364
21,Entire home/apt,Concourse,Bronx,40.823278,-73.926769,116.65,3.6,42.05,1.25,139.15
22,Private room,Concourse,Bronx,40.829346,-73.9229363333333,65.8666666666667,1.93333333333333,26.7333333333333,1.56666666666667,173.966666666667
23,Entire home/apt,Concourse Village,Bronx,40.8294033333333,-73.9184544444444,109.555555555556,6.11111111111111,26,1,174
24,Private room,Concourse Village,Bronx,40.8301171428571,-73.9176923809524,60.4761904761905,2.19047619047619,27.1904761904762,1.33333333333333,168.52380952381
25,Shared room,Concourse Village,Bronx,40.832315,-73.91607,52.5,1,1,1,0
26,Entire home/apt,East Morrisania,Bronx,40.8306133333333,-73.8914833333333,126.666666666667,1,63.3333333333333,1.66666666666667,234.666666666667
27,Private room,East Morrisania,Bronx,40.8315357142857,-73.8877042857143,67.1428571428571,1.57142857142857,41.4285714285714,3.42857142857143,175.857142857143
28,Entire home/apt,Eastchester,Bronx,40.8806133333333,-73.8351016666667,233.166666666667,1.66666666666667,12,13,358.5
29,Private room,Eastchester,Bronx,40.8808816666667,-73.8340883333333,66.3333333333333,1.83333333333333,14,11,311
30,Shared room,Eastchester,Bronx,40.88211,-73.83625,45,1,1,13,318
31,Entire home/apt,Edenwald,Bronx,40.89003,-73.8340766666667,83.5,4.5,25.6666666666667,1.33333333333333,157
32,Private room,Edenwald,Bronx,40.8863242857143,-73.83781,80.7142857142857,1.85714285714286,6.57142857142857,1.57142857142857,261.857142857143
33,Entire home/apt,Fieldston,Bronx,40.8918975,-73.90159,99.75,5.75,9.25,1,188.25
34,Private room,Fieldston,Bronx,40.89158,-73.9027985714286,64.5714285714286,1.85714285714286,14.4285714285714,1.28571428571429,104.428571428571
35,Shared room,Fieldston,Bronx,40.89466,-73.89735,50,1,8,2,241
36,Entire home/apt,Fordham,Bronx,40.8631846153846,-73.8944853846154,121.615384615385,8.84615384615385,9.30769230769231,4.23076923076923,169.307692307692
37,Private room,Fordham,Bronx,40.8635086956522,-73.8943736956522,55.0434782608696,3.08695652173913,17.8478260869565,4,130.847826086957
38,Shared room,Fordham,Bronx,40.86004,-73.8937825,65.5,2.5,3.5,1,206
39,Entire home/apt,Highbridge,Bronx,40.8354128571429,-73.9271,107.571428571429,10,22.5714285714286,1.28571428571429,70.2857142857143
40,Private room,Highbridge,Bronx,40.8355165,-73.928115,58.35,2.1,58,2.6,189.45
41,Entire home/apt,Hunts Point,Bronx,40.81819,-73.88653,150,2,5,1,0
42,Private room,Hunts Point,Bronx,40.8153652941176,-73.88818,44.6470588235294,14.4705882352941,10.0588235294118,3.70588235294118,253.235294117647
43,Entire home/apt,Kingsbridge,Bronx,40.8795094444444,-73.9021916666667,128.611111111111,5.11111111111111,25.6666666666667,1.44444444444444,160.166666666667
44,Private room,Kingsbridge,Bronx,40.8759302083333,-73.9015839583333,60.8958333333333,5.22916666666667,19.8541666666667,2.54166666666667,153.583333333333
45,Shared room,Kingsbridge,Bronx,40.8728,-73.8995833333333,42.3333333333333,1.66666666666667,6.66666666666667,2,149.333333333333
46,Entire home/apt,Longwood,Bronx,40.821742,-73.903264,112.85,2.9,35.85,1.3,124.65
47,Private room,Longwood,Bronx,40.821331,-73.9018055,81.425,2.575,23.35,1.7,169.625
48,Shared room,Longwood,Bronx,40.81795,-73.91178,85,1,0,1,77
49,Entire home/apt,Melrose,Bronx,40.8223033333333,-73.9163116666667,97,3.83333333333333,13.8333333333333,1,116
50,Private room,Melrose,Bronx,40.8203825,-73.915155,62.75,2,1.75,1,60
51,Entire home/apt,Morris Heights,Bronx,40.84661,-73.9160075,105.25,2,5.5,1,17.75
52,Private room,Morris Heights,Bronx,40.8501341666667,-73.91661,72.25,1.83333333333333,36.1666666666667,1.33333333333333,274.916666666667
53,Shared room,Morris Heights,Bronx,40.84718,-73.91378,20,1,9,1,0
54,Entire home/apt,Morris Park,Bronx,40.8502875,-73.85635,103.5,2.25,28.75,2.25,72
55,Private room,Morris Park,Bronx,40.852643,-73.85525,58.6,3.4,15.4,3.4,151.4
56,Shared room,Morris Park,Bronx,40.85661,-73.85281,40,1,2,1,88
57,Entire home/apt,Morrisania,Bronx,40.829404,-73.904374,129,2.4,5.8,1,54.6
58,Private room,Morrisania,Bronx,40.828737,-73.905447,62.3,2.5,15.7,1.5,153.2
59,Shared room,Morrisania,Bronx,40.82489,-73.90969,78,1,0,4,211.333333333333
60,Entire home/apt,Mott Haven,Bronx,40.8108818518519,-73.9207985185185,110,2.48148148148148,35.9259259259259,1.37037037037037,122.814814814815
61,Private room,Mott Haven,Bronx,40.8110921212121,-73.919113030303,71.6666666666667,2.24242424242424,47.6363636363636,1.90909090909091,166.666666666667
62,Entire home/apt,Mount Eden,Bronx,40.84059,-73.92156,150,1,4,1,0
63,Private room,Mount Eden,Bronx,40.842358,-73.91549,40.2,2,83.2,1,163.4
64,Entire home/apt,Mount Hope,Bronx,40.849323,-73.90453,107.9,20,29.3,2.7,169.7
65,Private room,Mount Hope,Bronx,40.847538,-73.906505,47.1,11.9,14.2,1.1,141.6
66,Entire home/apt,North Riverdale,Bronx,40.9033666666667,-73.8982966666667,126.666666666667,13,9,1,168.666666666667
67,Private room,North Riverdale,Bronx,40.9094128571429,-73.8983414285714,59.8571428571429,53.5714285714286,22.1428571428571,2,164.857142857143
68,Entire home/apt,Norwood,Bronx,40.87673,-73.8781416666667,118.833333333333,4.16666666666667,7.16666666666667,1,116.166666666667
69,Private room,Norwood,Bronx,40.87479,-73.8796458333333,66.5,3.66666666666667,19.5,1.25,170
70,Shared room,Norwood,Bronx,40.87077,-73.8817,33,2,8,1,6
71,Private room,Olinville,Bronx,40.884455,-73.86335,102.5,1.5,10,1,94
72,Shared room,Olinville,Bronx,40.882855,-73.86567,25.5,45.5,5,1,251
73,Entire home/apt,Parkchester,Bronx,40.8374,-73.8593055555556,100.444444444444,13.1111111111111,19.3333333333333,1.33333333333333,158
74,Private room,Parkchester,Bronx,40.8347725,-73.8655383333333,63,1.83333333333333,29.4166666666667,1.95833333333333,121.208333333333
75,Shared room,Parkchester,Bronx,40.836535,-73.864055,46.3333333333333,2.5,5.16666666666667,1.5,191
76,Entire home/apt,Pelham Bay,Bronx,40.8495758333333,-73.8321675,115.916666666667,3.16666666666667,25.0833333333333,1.58333333333333,209.916666666667
77,Private room,Pelham Bay,Bronx,40.84769,-73.83295,64.6666666666667,2.33333333333333,47,1,152.333333333333
78,Shared room,Pelham Bay,Bronx,40.850485,-73.83022,100,1,0,1,226
79,Entire home/apt,Pelham Gardens,Bronx,40.8629505882353,-73.8432311764706,112.294117647059,2.23529411764706,43.1176470588235,1.29411764705882,179.058823529412
80,Private room,Pelham Gardens,Bronx,40.86509,-73.842688,69.2,3.6,40.7,2.5,104.9
81,Shared room,Pelham Gardens,Bronx,40.86209,-73.84667,20,1,0,1,5
82,Entire home/apt,Port Morris,Bronx,40.8060625,-73.9252325,129.0625,7.875,22.125,1.625,130.5625
83,Private room,Port Morris,Bronx,40.80481,-73.9230271428571,70.9285714285714,3.85714285714286,31.6428571428571,2,175.642857142857
84,Shared room,Port Morris,Bronx,40.80908875,-73.931151875,38.5625,1.0625,9.4375,7.125,153.25
85,Entire home/apt,Riverdale,Bronx,40.8855283333333,-73.9121283333333,141.5,7.66666666666667,14.6666666666667,1,118.666666666667
86,Private room,Riverdale,Bronx,40.8906375,-73.911455,803.5,2.75,51,2,197
87,Shared room,Riverdale,Bronx,40.88515,-73.91411,800,2,1,3,269
88,Entire home/apt,Schuylerville,Bronx,40.8390866666667,-73.8334166666667,85.3333333333333,2.33333333333333,47,1,12.3333333333333
89,Private room,Schuylerville,Bronx,40.8342833333333,-73.8338655555556,69.3333333333333,2.22222222222222,18.4444444444444,3.88888888888889,202.222222222222
90,Shared room,Schuylerville,Bronx,40.84034,-73.83007,20,1,116,1,5
91,Entire home/apt,Soundview,Bronx,40.827868,-73.872536,70,1.4,36,1.4,106.4
92,Private room,Soundview,Bronx,40.826447,-73.868601,45.2,2.5,26.1,2,147.3
93,Entire home/apt,Spuyten Duyvil,Bronx,40.8812166666667,-73.9154533333333,186.333333333333,63.3333333333333,20.6666666666667,1,251.333333333333
94,Private room,Spuyten Duyvil,Bronx,40.88071,-73.92074,60,3,8,1,326
95,Entire home/apt,Throgs Neck,Bronx,40.8213454545455,-73.8194181818182,121.545454545455,2,54.0909090909091,1.27272727272727,173.454545454545
96,Private room,Throgs Neck,Bronx,40.8265346153846,-73.8237746153846,65.2307692307692,1.84615384615385,13.3846153846154,3.23076923076923,177.769230769231
97,Entire home/apt,Tremont,Bronx,40.8436766666667,-73.8902666666667,86,1.33333333333333,20,1,95.3333333333333
98,Private room,Tremont,Bronx,40.842705,-73.8914383333333,39,3.16666666666667,25.8333333333333,2.5,119.833333333333
99,Shared room,Tremont,Bronx,40.846605,-73.89251,37.5,1.5,6,1,152
100,Entire home/apt,Unionport,Bronx,40.82825,-73.854275,183.75,2,25.75,1.75,223.75
101,Private room,Unionport,Bronx,40.8283533333333,-73.8500466666667,75,3,0.333333333333333,1,271
102,Entire home/apt,University Heights,Bronx,40.86009,-73.91107,131,3.2,15,1.2,66.2
103,Private room,University Heights,Bronx,40.8575593333333,-73.909816,51.0666666666667,2.53333333333333,46.9333333333333,3.33333333333333,167.333333333333
104,Shared room,University Heights,Bronx,40.85538,-73.91081,40,1,0,1,0
105,Entire home/apt,Van Nest,Bronx,40.843996,-73.865292,216.4,2,34.8,1.8,169.8
106,Private room,Van Nest,Bronx,40.84445,-73.8668633333333,36.6666666666667,11.3333333333333,8.66666666666667,2,197.666666666667
107,Shared room,Van Nest,Bronx,40.8408433333333,-73.8705533333333,20,11.3333333333333,2,4,92.6666666666667
108,Entire home/apt,Wakefield,Bronx,40.8949016666667,-73.8511544444444,139.388888888889,6.11111111111111,24.2777777777778,1.77777777777778,192.277777777778
109,Private room,Wakefield,Bronx,40.8920593548387,-73.8549770967742,55.3225806451613,1.7741935483871,27.1612903225806,1.58064516129032,207.225806451613
110,Shared room,Wakefield,Bronx,40.89685,-73.85382,55,1,0,1,0
111,Entire home/apt,West Farms,Bronx,40.83942,-73.87518,165,2,4,1,310
112,Private room,West Farms,Bronx,40.84328,-73.88173,79,1,3,1,179
113,Entire home/apt,Westchester Square,Bronx,40.83868,-73.844585,221.75,1.5,27.25,1.5,197.75
114,Private room,Westchester Square,Bronx,40.8403633333333,-73.8485783333333,55.8333333333333,2.16666666666667,7.66666666666667,1.66666666666667,134.333333333333
115,Entire home/apt,Williamsbridge,Bronx,40.8778921052632,-73.8595368421053,148.315789473684,5.05263157894737,42.3684210526316,2,273.210526315789
116,Private room,Williamsbridge,Bronx,40.879879047619,-73.856889047619,50.0952380952381,6.61904761904762,15.8571428571429,2.38095238095238,180.333333333333
117,Entire home/apt,Woodlawn,Bronx,40.8997625,-73.8673525,65.5,1.5,64.75,1,172
118,Private room,Woodlawn,Bronx,40.8957883333333,-73.868025,54.8333333333333,1.33333333333333,37.1666666666667,2.16666666666667,65.5
119,Shared room,Woodlawn,Bronx,40.89785,-73.86977,70,2,2,2,0
120,Entire home/apt,Bath Beach,Brooklyn,40.6032485714286,-74.0067957142857,118.142857142857,2,29.4285714285714,1.14285714285714,122.285714285714
121,Private room,Bath Beach,Brooklyn,40.604754,-74.006079,56.3,2.8,15.7,1.8,247.8
122,Entire home/apt,Bay Ridge,Brooklyn,40.6318092647059,-74.0260738235294,220.029411764706,7.75,25.5147058823529,1.22058823529412,142.161764705882
123,Private room,Bay Ridge,Brooklyn,40.6314715384615,-74.026712,74.6307692307692,12.8615384615385,13.4923076923077,1.93846153846154,156.707692307692
124,Shared room,Bay Ridge,Brooklyn,40.6277283333333,-74.0224933333333,56.8333333333333,7.33333333333333,1,8.33333333333333,14.5
125,Entire home/apt,Bedford-Stuyvesant,Brooklyn,40.6861588895899,-73.9399755205047,154.710410094637,5.52870662460568,40.8801261829653,1.59495268138801,119.988643533123
126,Private room,Bedford-Stuyvesant,Brooklyn,40.6879494422507,-73.9396785044423,73.1732477788746,5.79812438302073,21.7003948667325,2.9822309970385,111.15251727542
127,Shared room,Bedford-Stuyvesant,Brooklyn,40.688235,-73.9398775,48.5952380952381,5.86904761904762,18.952380952381,13.0357142857143,184.797619047619
128,Entire home/apt,Bensonhurst,Brooklyn,40.6116020689655,-73.9959513793103,103.103448275862,6.96551724137931,42.1379310344828,1.31034482758621,159.448275862069
129,Private room,Bensonhurst,Brooklyn,40.61271,-73.9928337209302,59.5348837209302,3.69767441860465,14.1395348837209,2.37209302325581,123.46511627907
130,Shared room,Bensonhurst,Brooklyn,40.610795,-73.989115,47,5.5,7.5,4,90
131,Entire home/apt,Bergen Beach,Brooklyn,40.62363,-73.91083625,110.25,6.625,21.875,1.125,150.375
132,Private room,Bergen Beach,Brooklyn,40.622335,-73.902685,92.5,4,15,1,89.5
133,Entire home/apt,Boerum Hill,Brooklyn,40.6865636090226,-73.9858539849624,192.210526315789,8.74436090225564,20.0526315789474,2.3609022556391,82.0902255639098
134,Private room,Boerum Hill,Brooklyn,40.68586275,-73.9843185,87.625,4.95,40.7,1.55,59.25
135,Shared room,Boerum Hill,Brooklyn,40.68473,-73.97863,47,1,0,2,0
136,Entire home/apt,Borough Park,Brooklyn,40.6349157692308,-73.9911553846154,114.653846153846,4.76923076923077,19.6538461538462,1.26923076923077,115.807692307692
137,Private room,Borough Park,Brooklyn,40.637797173913,-73.9989617391304,53.0652173913044,2.56521739130435,17.445652173913,4.70652173913043,166.782608695652
138,Shared room,Borough Park,Brooklyn,40.63864,-73.99578125,35.125,4.25,7.25,5.0625,272.3125
139,Entire home/apt,Brighton Beach,Brooklyn,40.5782477142857,-73.9598268571429,121.628571428571,5.51428571428571,20.6857142857143,1.6,137.514285714286
140,Private room,Brighton Beach,Brooklyn,40.5786790909091,-73.9627039393939,158.272727272727,4.15151515151515,17.3636363636364,2.06060606060606,196.333333333333
141,Shared room,Brighton Beach,Brooklyn,40.5779842857143,-73.96204,59.2857142857143,1.28571428571429,7.14285714285714,2.28571428571429,217.571428571429
142,Entire home/apt,Brooklyn Heights,Brooklyn,40.6946839516129,-73.9944706451613,221.629032258065,6.26612903225806,14.6935483870968,1.06451612903226,59.4354838709677
143,Private room,Brooklyn Heights,Brooklyn,40.6952188888889,-73.9937192592593,111.074074074074,7.25925925925926,27.1481481481481,1.14814814814815,90.1851851851852
144,Entire home/apt,Brownsville,Brooklyn,40.6639057894737,-73.9134157894737,119.105263157895,3.15789473684211,32.6315789473684,1.26315789473684,118.789473684211
145,Private room,Brownsville,Brooklyn,40.6650219047619,-73.9145754761905,57.1666666666667,2.45238095238095,30.7619047619048,2.76190476190476,122.47619047619
146,Entire home/apt,Bushwick,Brooklyn,40.6967029761905,-73.920888735119,144.504464285714,6.20684523809524,30.2217261904762,1.63095238095238,102.924107142857
147,Private room,Bushwick,Brooklyn,40.6967453126826,-73.9202021624781,62.5242548217417,5.31911163062537,18.1601402688486,2.8614845119813,88.6119228521333
148,Shared room,Bushwick,Brooklyn,40.6964027941176,-73.9196488235294,37.3823529411765,15.9852941176471,12.9264705882353,5.45588235294118,207.382352941176
149,Entire home/apt,Canarsie,Brooklyn,40.6381684,-73.9004649333333,129.106666666667,2.32,50.3066666666667,1.45333333333333,226.706666666667
150,Private room,Canarsie,Brooklyn,40.6390969014085,-73.9018967605634,79.1408450704225,2.26760563380282,21.9859154929577,2.88732394366197,223.985915492958
151,Shared room,Canarsie,Brooklyn,40.63485,-73.92055,40,2,4,2,3
152,Entire home/apt,Carroll Gardens,Brooklyn,40.6808005,-73.9962947222222,199.788888888889,5.15,27.8388888888889,1.34444444444444,70.9388888888889
153,Private room,Carroll Gardens,Brooklyn,40.6799373469388,-73.9956853061225,89.3061224489796,2.53061224489796,18.0816326530612,1.46938775510204,67.9795918367347
154,Entire home/apt,Clinton Hill,Brooklyn,40.6876288888889,-73.9644842690059,226.295321637427,6.28070175438596,26.3099415204678,1.40058479532164,87.0116959064327
155,Private room,Clinton Hill,Brooklyn,40.6887864516129,-73.9643253456221,88.4055299539171,7.61751152073733,24.6866359447005,2.23041474654378,106.852534562212
156,Shared room,Clinton Hill,Brooklyn,40.6895744444444,-73.9631133333333,49,2.11111111111111,25.6666666666667,3.44444444444444,155.888888888889
157,Entire home/apt,Cobble Hill,Brooklyn,40.6871507894737,-73.9957646052632,218.789473684211,7.42105263157895,27.25,1.07894736842105,57.8157894736842
158,Private room,Cobble Hill,Brooklyn,40.6877754545455,-73.9947654545455,161.727272727273,7.31818181818182,37.1363636363636,1.5,84.0909090909091
159,Entire home/apt,Columbia St,Brooklyn,40.6852190909091,-74.0023551515151,183.969696969697,5.93939393939394,13.1515151515152,1.18181818181818,68.5151515151515
160,Private room,Columbia St,Brooklyn,40.68394125,-74.0030025,87.25,3,31.375,2.5,80.125
161,Entire home/apt,Coney Island,Brooklyn,40.575908,-73.986996,149.4,4.5,25,3.5,174
162,Private room,Coney Island,Brooklyn,40.57397,-73.9999133333333,160,1,39.3333333333333,1.66666666666667,228.333333333333
163,Shared room,Coney Island,Brooklyn,40.5774925,-73.9840475,32.25,7,1.25,7.75,87.5
164,Entire home/apt,Crown Heights,Brooklyn,40.6728324370861,-73.9475199602649,159.880794701987,6.13112582781457,26.7814569536424,1.46887417218543,103.577483443709
165,Private room,Crown Heights,Brooklyn,40.6725795188557,-73.9451090507152,68.3472041612484,5.21196358907672,20.6553966189857,1.94148244473342,89.0702210663199
166,Shared room,Crown Heights,Brooklyn,40.6728776,-73.9426256,50.88,3,12.16,1.92,111.28
167,Entire home/apt,Cypress Hills,Brooklyn,40.682298490566,-73.8844201886792,238.811320754717,3.84905660377358,46.5660377358491,1.73584905660377,167.433962264151
168,Private room,Cypress Hills,Brooklyn,40.682132027027,-73.885022027027,59.8243243243243,8.58108108108108,23.6081081081081,2.43243243243243,181.581081081081
169,Shared room,Cypress Hills,Brooklyn,40.6825542857143,-73.87473,34.7142857142857,1.71428571428571,38.1428571428571,4.85714285714286,62.2857142857143
170,Entire home/apt,Downtown Brooklyn,Brooklyn,40.6941837254902,-73.9853639215686,183.882352941176,5.23529411764706,16.0980392156863,2.7843137254902,37.4705882352941
171,Private room,Downtown Brooklyn,Brooklyn,40.6946990322581,-73.9842664516129,95.6774193548387,7.09677419354839,11.8387096774194,2.29032258064516,44.0645161290323
172,Entire home/apt,DUMBO,Brooklyn,40.7031672727273,-73.9881877272727,220.590909090909,9.40909090909091,29.7272727272727,11.8181818181818,135.090909090909
173,Private room,DUMBO,Brooklyn,40.7034615384615,-73.9875692307692,158.769230769231,4.61538461538461,56,1.15384615384615,88.3846153846154
174,Entire home/apt,Dyker Heights,Brooklyn,40.6238428571429,-74.00974,114.857142857143,2.14285714285714,39,1.42857142857143,185.428571428571
175,Private room,Dyker Heights,Brooklyn,40.62347,-74.0116775,69.5,2.5,35.25,2,87.5
176,Shared room,Dyker Heights,Brooklyn,40.62827,-74.01078,39,5,1,2,89
177,Entire home/apt,East Flatbush,Brooklyn,40.647632459893,-73.939638342246,130.855614973262,4.46524064171123,40.8983957219251,1.47058823529412,154.411764705882
178,Private room,East Flatbush,Brooklyn,40.6500248083624,-73.9385903135888,91.9686411149826,6.18815331010453,16.404181184669,5.18815331010453,187.808362369338
179,Shared room,East Flatbush,Brooklyn,40.6474095833333,-73.94403375,41.9583333333333,24.8333333333333,3.83333333333333,4.5,293
180,Entire home/apt,East New York,Brooklyn,40.6688525806452,-73.8837269892473,116.720430107527,3.89247311827957,46.7634408602151,1.64516129032258,161.741935483871
181,Private room,East New York,Brooklyn,40.6676168333333,-73.8847560833333,60.0416666666667,5.35833333333333,19.7333333333333,5.18333333333333,204.816666666667
182,Shared room,East New York,Brooklyn,40.670582,-73.879506,112.6,3,8.4,3,209
183,Entire home/apt,Flatbush,Brooklyn,40.6437118992248,-73.9608819379845,127.279069767442,5.79457364341085,21.9883720930233,1.31782945736434,81.6744186046512
184,Private room,Flatbush,Brooklyn,40.6459209009009,-73.9602224024024,67.5945945945946,4.46546546546547,20.3783783783784,1.75975975975976,98.5885885885886
185,Shared room,Flatbush,Brooklyn,40.6447442857143,-73.959860952381,56.8571428571429,4.71428571428571,15.6190476190476,1.85714285714286,187.333333333333
186,Entire home/apt,Flatlands,Brooklyn,40.6257586486486,-73.9329110810811,194.486486486486,3.08108108108108,26.0540540540541,1.54054054054054,174.432432432432
187,Private room,Flatlands,Brooklyn,40.6253134090909,-73.9320268181818,73.8409090909091,2.11363636363636,19.4318181818182,2.13636363636364,221.75
188,Shared room,Flatlands,Brooklyn,40.62659,-73.93845,24.5,3,10,1.5,80
189,Entire home/apt,Fort Greene,Brooklyn,40.6895434098361,-73.9740797377049,193.767213114754,6.78360655737705,21.6032786885246,1.4655737704918,75.9311475409836
190,Private room,Fort Greene,Brooklyn,40.6914044827586,-73.9741156896552,80.9885057471264,9.05747126436782,22.3505747126437,5.36781609195402,116.603448275862
191,Shared room,Fort Greene,Brooklyn,40.688185,-73.974975,57,1.5,4.375,3.5,65.375
192,Entire home/apt,Fort Hamilton,Brooklyn,40.6186535714286,-74.0325610714286,117.964285714286,6.28571428571429,17.1785714285714,1.39285714285714,142.357142857143
193,Private room,Fort Hamilton,Brooklyn,40.61912,-74.0315526086956,66.4347826086957,6.47826086956522,10.3913043478261,1.56521739130435,168.565217391304
194,Shared room,Fort Hamilton,Brooklyn,40.61905,-74.0332066666667,79.6666666666667,1,8.33333333333333,1,147.333333333333
195,Entire home/apt,Gowanus,Brooklyn,40.6762585074627,-73.989516119403,205.014925373134,6.47014925373134,33.9925373134328,1.28358208955224,98.1044776119403
196,Private room,Gowanus,Brooklyn,40.6763614678899,-73.9876085321101,102.807339449541,4.55045871559633,27.4311926605505,4.36697247706422,151.146788990826
197,Shared room,Gowanus,Brooklyn,40.669815,-73.99261,40.5,1.5,82,1,162.5
198,Entire home/apt,Gravesend,Brooklyn,40.5954692,-73.9782868,120.76,10.92,24.6,1.96,119.44
199,Private room,Gravesend,Brooklyn,40.5977121428571,-73.9774707142857,64.9285714285714,3,20.9642857142857,2.28571428571429,122.321428571429
200,Shared room,Gravesend,Brooklyn,40.5909614285714,-73.9736828571429,30.7142857142857,6.28571428571429,9.57142857142857,7.78571428571429,174.428571428571
201,Entire home/apt,Greenpoint,Brooklyn,40.7278088636364,-73.9504491883117,189.722402597403,7.91396103896104,19.0243506493506,6.59090909090909,83.5405844155844
202,Private room,Greenpoint,Brooklyn,40.7283230997877,-73.950877388535,88.3205944798301,4.10615711252654,16.1932059447983,3.21868365180467,66.4458598726115
203,Shared room,Greenpoint,Brooklyn,40.7251894117647,-73.9454288235294,65.7058823529412,13.6470588235294,4.88235294117647,11.2941176470588,257.058823529412
204,Entire home/apt,Kensington,Brooklyn,40.6429409589041,-73.9756784931507,137.205479452055,5.12328767123288,11.8219178082192,1.23287671232877,66.2191780821918
205,Private room,Kensington,Brooklyn,40.6409617346939,-73.9758656122449,59.3775510204082,9.91836734693878,21.4897959183673,2.56122448979592,96.3571428571429
206,Shared room,Kensington,Brooklyn,40.6392775,-73.9721025,105,2.25,0.75,1.75,103.5
207,Entire home/apt,Manhattan Beach,Brooklyn,40.5794066666667,-73.9464733333333,109.666666666667,7,44.3333333333333,1.33333333333333,177.5
208,Private room,Manhattan Beach,Brooklyn,40.57924,-73.94672,85,3,69.5,1.5,290
209,Entire home/apt,Midwood,Brooklyn,40.6202542857143,-73.9601412244898,100.428571428571,12.9795918367347,15.4081632653061,1.36734693877551,72.1020408163265
210,Private room,Midwood,Brooklyn,40.6207409433962,-73.9595403773585,67.5849056603774,4.09433962264151,16.377358490566,1.33962264150943,119.603773584906
211,Shared room,Midwood,Brooklyn,40.6158314285714,-73.9573857142857,36.2857142857143,3.71428571428571,4.57142857142857,2.71428571428571,112.857142857143
212,Entire home/apt,Mill Basin,Brooklyn,40.6123825,-73.91585,179.75,2.25,17.25,1,290
213,Entire home/apt,Navy Yard,Brooklyn,40.69987,-73.973418,162.3,5.4,15.2,1.1,40.9
214,Private room,Navy Yard,Brooklyn,40.6997,-73.97523,125,2.5,24.75,1.75,69
215,Entire home/apt,Park Slope,Brooklyn,40.6740895027624,-73.9786743646409,205.720994475138,9.01657458563536,26.4723756906077,1.20718232044199,85.3232044198895
216,Private room,Park Slope,Brooklyn,40.6745560144928,-73.9795994202899,99.1376811594203,7.71739130434783,36.2971014492754,1.8695652173913,100.594202898551
217,Shared room,Park Slope,Brooklyn,40.6681,-73.97726,78,1,46,2,0
218,Entire home/apt,Prospect Heights,Brooklyn,40.6776105238095,-73.967948,210.947619047619,6.41428571428571,20.6761904761905,1.4952380952381,67.5952380952381
219,Private room,Prospect Heights,Brooklyn,40.6774534285714,-73.9682363571429,89.1142857142857,4.33571428571429,46.6642857142857,2.47857142857143,94.1357142857143
220,Entire home/apt,Prospect-Lefferts Gardens,Brooklyn,40.6594991756272,-73.9559732616488,149.268817204301,5.64516129032258,24.6093189964158,1.25448028673835,77.1182795698925
221,Private room,Prospect-Lefferts Gardens,Brooklyn,40.6589468049793,-73.9545736929461,67.7842323651452,4.73858921161826,29.6970954356846,2.19917012448133,110.514522821577
222,Shared room,Prospect-Lefferts Gardens,Brooklyn,40.66056,-73.9536508333333,38.1666666666667,2.66666666666667,2.33333333333333,4.33333333333333,197.416666666667
223,Entire home/apt,Red Hook,Brooklyn,40.6773911320755,-74.0102445283019,177.22641509434,4.05660377358491,28.3584905660377,1.15094339622642,102.528301886792
224,Private room,Red Hook,Brooklyn,40.6766904347826,-74.0091269565217,77.9130434782609,3.65217391304348,32.9565217391304,1.43478260869565,86.3913043478261
225,Shared room,Red Hook,Brooklyn,40.6779966666667,-74.00701,49.3333333333333,1.66666666666667,0.666666666666667,1.33333333333333,59.6666666666667
226,Entire home/apt,Sea Gate,Brooklyn,40.576704,-74.00814,649.4,5.4,1.6,1.4,91.8
227,Private room,Sea Gate,Brooklyn,40.578155,-74.01017,84,1,1,3,0
228,Entire home/apt,Sheepshead Bay,Brooklyn,40.5935671186441,-73.9500572881356,169.118644067797,5.23728813559322,24.7796610169492,1.64406779661017,157.457627118644
229,Private room,Sheepshead Bay,Brooklyn,40.5971126744186,-73.9526402325581,77.9883720930233,5.65116279069767,13.6395348837209,1.88372093023256,145.895348837209
230,Shared room,Sheepshead Bay,Brooklyn,40.6005063157895,-73.9558442105263,34.8421052631579,4.10526315789474,33,6.94736842105263,236.368421052632
231,Entire home/apt,South Slope,Brooklyn,40.6648458730159,-73.9854537566138,177.185185185185,5.73544973544974,38.4338624338624,1.3968253968254,79.4550264550265
232,Private room,South Slope,Brooklyn,40.6650801123595,-73.9852934831461,86.314606741573,6.80898876404494,35.2808988764045,1.59550561797753,95.0561797752809
233,Shared room,South Slope,Brooklyn,40.66085,-73.98178,55,2,1,1,0
234,Entire home/apt,Sunset Park,Brooklyn,40.6558912849162,-74.0003301675978,155.290502793296,9.12290502793296,24.7430167597765,1.63687150837989,98.072625698324
235,Private room,Sunset Park,Brooklyn,40.6495466502463,-74.0061699507389,78.0886699507389,4.21674876847291,16.8571428571429,2.18226600985222,114.635467980296
236,Shared room,Sunset Park,Brooklyn,40.653366,-74.00484,48.4,1.2,6.2,1.8,152.8
237,Entire home/apt,Vinegar Hill,Brooklyn,40.7017130434783,-73.9836647826087,224.04347826087,25.9565217391304,14.6086956521739,1.04347826086957,99.695652173913
238,Private room,Vinegar Hill,Brooklyn,40.701163,-73.982631,96.1,2.5,17.2,1.8,32.8
239,Shared room,Vinegar Hill,Brooklyn,40.70156,-73.98199,250,2,37,1,83
240,Entire home/apt,Williamsburg,Brooklyn,40.7133220472864,-73.9532252229984,204.960236432026,6.6947877485223,23.4148307361634,1.43901128425578,83.8479312197743
241,Private room,Williamsburg,Brooklyn,40.7118545634518,-73.9505986142132,85.6756345177665,5.61573604060914,20.938578680203,1.54162436548223,65.7228426395939
242,Shared room,Williamsburg,Brooklyn,40.7102525806452,-73.9475793548387,85.741935483871,4.2258064516129,19.1290322580645,1.58064516129032,95.2903225806452
243,Entire home/apt,Windsor Terrace,Brooklyn,40.654382920354,-73.9777274336283,164.973451327434,10.2035398230088,26.141592920354,1.30973451327434,75.3185840707965
244,Private room,Windsor Terrace,Brooklyn,40.6551504878049,-73.9788826829268,67.3170731707317,4.60975609756098,33.4146341463415,2.19512195121951,105.975609756098
245,Entire home/apt,Battery Park City,Manhattan,40.710032,-74.0167093333333,495.555555555556,23.8666666666667,4.88888888888889,13.1777777777778,84.2
246,Private room,Battery Park City,Manhattan,40.709545,-74.0164025,105.7,2.2,7.75,3.15,127.3
247,Shared room,Battery Park City,Manhattan,40.71078,-74.01623,55,1,205,1,326
248,Entire home/apt,Chelsea,Manhattan,40.7443684158416,-73.9984636633663,281.639851485149,11.539603960396,17.3799504950495,21.0643564356436,112.982673267327
249,Private room,Chelsea,Manhattan,40.7455675539568,-73.9970660431655,156.741007194245,4.91007194244604,33.4388489208633,3.73381294964029,114.830935251799
250,Shared room,Chelsea,Manhattan,40.7455426666667,-73.997966,140.666666666667,3.06666666666667,20.1333333333333,1.86666666666667,183.266666666667
251,Entire home/apt,Chinatown,Manhattan,40.7156944285714,-73.9937837142857,211.842857142857,6.45714285714286,24.9238095238095,1.3,97.3333333333333
252,Private room,Chinatown,Manhattan,40.7155243589744,-73.9940578846154,95.0064102564103,4.67948717948718,29.5641025641026,1.76923076923077,82.4358974358974
253,Shared room,Chinatown,Manhattan,40.715195,-73.99505,61.5,1,47.5,1,56.5
254,Entire home/apt,Civic Center,Manhattan,40.7136828571429,-74.0040828571429,226.428571428571,9.25714285714286,15.4285714285714,2.54285714285714,64.4571428571429
255,Private room,Civic Center,Manhattan,40.7142105882353,-74.0026923529412,120.941176470588,3.88235294117647,5.70588235294118,2.41176470588235,76.1176470588235
256,Entire home/apt,East Harlem,Manhattan,40.7964284297521,-73.9421265495868,189.688016528926,5.5103305785124,29.1425619834711,1.85123966942149,99.4793388429752
257,Private room,East Harlem,Manhattan,40.7957192918826,-73.9424037823834,91.1968911917098,6.12607944732297,35.6096718480138,2.713298791019,97.9689119170985
258,Shared room,East Harlem,Manhattan,40.7981693333333,-73.9425066666667,65.0444444444445,4.8,31.7333333333333,4.04444444444444,84.8888888888889
259,Entire home/apt,East Village,Manhattan,40.7269669791667,-73.9841468923611,223.318576388889,6.890625,23.171875,4.80989583333333,81.4184027777778
260,Private room,East Village,Manhattan,40.7263614746544,-73.9832736866359,115.21198156682,5.74961597542243,26.8494623655914,1.70506912442396,65.2780337941628
261,Shared room,East Village,Manhattan,40.7262165217391,-73.9841904347826,84.0869565217391,4.78260869565217,19.0869565217391,1.78260869565217,42.0869565217391
262,Entire home/apt,Financial District,Manhattan,40.7068351318102,-74.0093773637961,240.971880492091,13.792618629174,8.62917398945518,144.936731107206,214.957820738137
263,Private room,Financial District,Manhattan,40.7072364779874,-74.0085742138365,167.150943396226,7.63522012578616,12.5723270440252,18.6603773584906,119.867924528302
264,Shared room,Financial District,Manhattan,40.7060333333333,-74.00849,120.111111111111,2.66666666666667,2.44444444444444,1.11111111111111,108.444444444444
265,Entire home/apt,Flatiron District,Manhattan,40.740967704918,-73.9884786885246,376.967213114754,6.83606557377049,20.8032786885246,9.22950819672131,135.147540983607
266,Private room,Flatiron District,Manhattan,40.7413028571429,-73.98811,141,3.35714285714286,10.7142857142857,1.64285714285714,114.285714285714
267,Entire home/apt,Gramercy,Manhattan,40.735819707113,-73.9844668619247,248.882845188285,9.14225941422594,21.1589958158996,7.17573221757322,97.8075313807531
268,Private room,Gramercy,Manhattan,40.73486,-73.9839805681818,133.886363636364,3.375,28.2727272727273,1.45454545454545,80.7386363636364
269,Shared room,Gramercy,Manhattan,40.735734,-73.982934,70.6,1.6,27.4,1.4,83
270,Entire home/apt,Greenwich Village,Manhattan,40.7306932280702,-73.9985523508772,299.347368421053,14.9719298245614,16.4526315789474,2.73333333333333,88.6842105263158
271,Private room,Greenwich Village,Manhattan,40.7304280612245,-73.9987436734694,123.948979591837,8.59183673469388,18.734693877551,1.53061224489796,62.1020408163265
272,Shared room,Greenwich Village,Manhattan,40.729715,-73.999435,83,517,0.5,1.5,182.5
273,Entire home/apt,Harlem,Manhattan,40.8145194926829,-73.9475734243902,177.710243902439,7.95414634146341,30.1170731707317,1.37073170731707,97.1043902439024
274,Private room,Harlem,Manhattan,40.8170505445227,-73.948252178091,81.6752081998719,5.27482383087764,28.052530429212,2.75592568866111,111.629724535554
275,Shared room,Harlem,Manhattan,40.8151558333333,-73.9498683333333,67.4166666666667,2.9375,27.125,1.60416666666667,126.145833333333
276,Entire home/apt,Hell's Kitchen,Manhattan,40.7623798034188,-73.991611042735,252.465811965812,11.125641025641,18.4418803418803,17.2470085470085,143.723931623932
277,Private room,Hell's Kitchen,Manhattan,40.7614598507463,-73.9916347014925,133.437313432836,4.15671641791045,39.7865671641791,6.54179104477612,125.3
278,Shared room,Hell's Kitchen,Manhattan,40.7640307070707,-73.9890753535354,95.8383838383838,1.33333333333333,20.1313131313131,4.97979797979798,189.282828282828
279,Entire home/apt,Inwood,Manhattan,40.865809009901,-73.9246624752475,116.495049504951,5.63366336633663,13.5940594059406,1.11881188118812,59.8217821782178
280,Private room,Inwood,Manhattan,40.8649225352113,-73.9247342253521,67.7464788732394,5.29577464788732,21.7957746478873,3.1830985915493,125.767605633803
281,Shared room,Inwood,Manhattan,40.866115,-73.9227825,114.75,2.5,23.75,1.75,113.25
282,Entire home/apt,Kips Bay,Manhattan,40.7418426586103,-73.9794237462236,222.447129909366,14.1450151057402,12.2870090634441,20.9818731117825,135.634441087613
283,Private room,Kips Bay,Manhattan,40.7415250892857,-73.9792789285714,109.508928571429,8.30357142857143,15.1964285714286,2.44642857142857,70.8214285714286
284,Shared room,Kips Bay,Manhattan,40.7430472222222,-73.9792316666667,89.1111111111111,3.44444444444444,3.77777777777778,2.16666666666667,243.333333333333
285,Entire home/apt,Little Italy,Manhattan,40.7188182666667,-73.9971610666667,224.88,10.76,24.4133333333333,6.94666666666667,122.546666666667
286,Private room,Little Italy,Manhattan,40.7187778048781,-73.9973234146342,95.7073170731707,13.9268292682927,22.6585365853659,2.14634146341463,61.1463414634146
287,Shared room,Little Italy,Manhattan,40.71865,-73.9973625,207.5,2.25,9.75,1.5,110.75
288,Entire home/apt,Lower East Side,Manhattan,40.7189823446894,-73.9878781963928,234.725450901804,5.94188376753507,26.7535070140281,1.98997995991984,93.9539078156313
289,Private room,Lower East Side,Manhattan,40.7181025274725,-73.9877452472527,131.07967032967,4.37087912087912,28.5741758241758,1.99175824175824,86.8021978021978
290,Shared room,Lower East Side,Manhattan,40.7130278947368,-73.987677368421,50.7368421052632,23.2631578947368,10.7894736842105,17.8684210526316,242.789473684211
291,Entire home/apt,Marble Hill,Manhattan,40.875726,-73.910566,91.8,2.6,26.4,1,73.8
292,Private room,Marble Hill,Manhattan,40.8757514285714,-73.9113757142857,87.2857142857143,2.57142857142857,5.14285714285714,1.85714285714286,143.857142857143
293,Entire home/apt,Midtown,Manhattan,40.7547095027624,-73.9752768968692,298.192449355433,14.3057090239411,12.0653775322284,21.4944751381215,168.141804788214
294,Private room,Midtown,Manhattan,40.7553855608592,-73.977061097852,243.386634844869,4.34606205250597,14.2124105011933,3.7255369928401,138.966587112172
295,Shared room,Midtown,Manhattan,40.7516539130435,-73.9789013043478,98.1304347826087,1.82608695652174,16.7826086956522,2.04347826086957,76.695652173913
296,Entire home/apt,Morningside Heights,Manhattan,40.8081286577181,-73.9620848993289,149.234899328859,6.18120805369128,7.6241610738255,1.21476510067114,26.2147651006711
297,Private room,Morningside Heights,Manhattan,40.8084761256545,-73.9615042931937,88.455497382199,5.45549738219895,18.1256544502618,1.59162303664921,55.5602094240838
298,Shared room,Morningside Heights,Manhattan,40.808055,-73.9621075,66,3.25,0.25,1.25,3.5
299,Entire home/apt,Murray Hill,Manhattan,40.7474150881612,-73.9759386397985,233.586901763224,18.1662468513854,7.48614609571788,65.1410579345088,191.884130982368
300,Private room,Murray Hill,Manhattan,40.7475801333333,-73.9764118666667,138.906666666667,4.32,17.0533333333333,3.28,86.84
301,Shared room,Murray Hill,Manhattan,40.747222,-73.976042,178.9,1.8,28.4,1.5,137
302,Entire home/apt,NoHo,Manhattan,40.7269888571429,-73.9930575714286,309.328571428571,6.4,11.8142857142857,9.5,103.314285714286
303,Private room,NoHo,Manhattan,40.7269466666667,-73.9928766666667,152.166666666667,2.66666666666667,27.8333333333333,1,118.333333333333
304,Entire home/apt,Nolita,Manhattan,40.7221783950617,-73.9951669753086,295.20987654321,6.71604938271605,23.6049382716049,4.72839506172839,74.2160493827161
305,Private room,Nolita,Manhattan,40.7220261904762,-73.9949035714286,113,7.33333333333333,18.6190476190476,2.25,62.25
306,Shared room,Nolita,Manhattan,40.7227866666667,-73.9951466666667,75,1,82,4,39
307,Entire home/apt,Roosevelt Island,Manhattan,40.7631122222222,-73.9487783333333,224.111111111111,11.6666666666667,13.4444444444444,1.16666666666667,64.3333333333333
308,Private room,Roosevelt Island,Manhattan,40.7631714545455,-73.9486129090909,80.1272727272727,5.14545454545455,17.6363636363636,1.30909090909091,79.8727272727273
309,Shared room,Roosevelt Island,Manhattan,40.7641133333333,-73.9480833333333,43.3333333333333,4,0.666666666666667,1,12.6666666666667
310,Entire home/apt,SoHo,Manhattan,40.7245066949153,-74.0020480508475,364.279661016949,6.40677966101695,18.3432203389831,3.85593220338983,108.572033898305
311,Private room,SoHo,Manhattan,40.7240294782609,-74.002037826087,124.991304347826,5.24347826086957,24.7130434782609,2.34782608695652,119.304347826087
312,Shared room,SoHo,Manhattan,40.724945,-74.000515,147.5,1.5,32,2.5,41
313,Entire home/apt,Stuyvesant Town,Manhattan,40.7316854545455,-73.9786081818182,184.545454545455,15.4545454545455,22.1818181818182,1.72727272727273,91.6363636363636
314,Private room,Stuyvesant Town,Manhattan,40.7319175,-73.97817125,111.291666666667,8.25,2.41666666666667,1.08333333333333,58.25
315,Shared room,Stuyvesant Town,Manhattan,40.73143,-73.97549,56,1,0,1,3
316,Entire home/apt,Theater District,Manhattan,40.7601288957055,-73.9853889570552,318.662576687117,20.1840490797546,8.38036809815951,110,203.398773006135
317,Private room,Theater District,Manhattan,40.7594196721311,-73.9856836065574,156.459016393443,3.18852459016393,23.4098360655738,6.31967213114754,201.795081967213
318,Shared room,Theater District,Manhattan,40.760045,-73.98343,79,2,60,1,183
319,Entire home/apt,Tribeca,Manhattan,40.7177006338028,-74.0073607746479,555.211267605634,13.056338028169,11.6619718309859,53.2816901408451,141.753521126761
320,Private room,Tribeca,Manhattan,40.7178654545455,-74.0077084848485,194.939393939394,4.39393939393939,11.4545454545455,1.15151515151515,68.5757575757576
321,Entire home/apt,Two Bridges,Manhattan,40.7115926923077,-73.9961269230769,169.076923076923,2.92307692307692,25.3846153846154,1.23076923076923,64.1923076923077
322,Private room,Two Bridges,Manhattan,40.7118032608696,-73.9955841304348,103.326086956522,5.97826086956522,31.9347826086957,1.73913043478261,98.695652173913
323,Entire home/apt,Upper East Side,Manhattan,40.7724044720497,-73.9551252795031,213.888975155279,10.7034161490683,15.3835403726708,11.8586956521739,118.641304347826
324,Private room,Upper East Side,Manhattan,40.7735000456621,-73.9537238812785,116.62100456621,5.3972602739726,24.9817351598174,1.9703196347032,99.634703196347
325,Shared room,Upper East Side,Manhattan,40.773877826087,-73.9545647826087,83.6739130434783,7.15217391304348,20.2173913043478,1.95652173913043,130.869565217391
326,Entire home/apt,Upper West Side,Manhattan,40.7862565879479,-73.9753710830619,255.473941368078,11.2776872964169,15.1254071661238,8.95602605863192,99.7337133550489
327,Private room,Upper West Side,Manhattan,40.7925085842027,-73.9706543815201,118.363636363636,6.96125186289121,24.2190760059613,3.2354694485842,93.3874813710879
328,Shared room,Upper West Side,Manhattan,40.788108,-73.97514025,95.225,2.575,30.725,1.575,102.1
329,Entire home/apt,Washington Heights,Manhattan,40.8449156357388,-73.9382608591065,137.350515463918,10.6013745704467,15.2061855670103,2.36769759450172,95.766323024055
330,Private room,Washington Heights,Manhattan,40.8441597033159,-73.9384544153578,65.5671902268761,4.67539267015707,21.5689354275742,1.73821989528796,99.1186736474695
331,Shared room,Washington Heights,Manhattan,40.8454130769231,-73.9379419230769,67.4230769230769,1.23076923076923,14.5,1.5,111.692307692308
332,Entire home/apt,West Village,Manhattan,40.7343733695652,-74.0041170962733,274.187888198758,7.7360248447205,18.4518633540373,7.50155279503106,85.0962732919255
333,Private room,West Village,Manhattan,40.7342037272727,-74.0036598181818,203.663636363636,4.94545454545455,26.4090909090909,1.58181818181818,91.8727272727273
334,Shared room,West Village,Manhattan,40.73543,-74.0033466666667,180,1.33333333333333,32.3333333333333,1,120.666666666667
335,Entire home/apt,Arverne,Queens,40.5921345833333,-73.7948335416667,224.625,1.75,26.875,1.16666666666667,196.895833333333
336,Private room,Arverne,Queens,40.5913177777778,-73.7954385185185,87.7407407407407,1.51851851851852,35.6666666666667,2.51851851851852,180.259259259259
337,Shared room,Arverne,Queens,40.59232,-73.78688,38,1,0,2,95.5
338,Entire home/apt,Astoria,Queens,40.7642723076923,-73.9203998143236,142.427055702918,5.44827586206897,22.2970822281167,1.43236074270557,94.7241379310345
339,Private room,Astoria,Queens,40.7642876219512,-73.9196408130081,96.3455284552846,6.48780487804878,21.4044715447154,3.86178861788618,120.731707317073
340,Shared room,Astoria,Queens,40.7650968181818,-73.9212309090909,152.909090909091,4.90909090909091,16.9545454545455,2.09090909090909,135.5
341,Entire home/apt,Bay Terrace,Queens,40.77728,-73.787,210.333333333333,2.33333333333333,77,1,278.333333333333
342,Private room,Bay Terrace,Queens,40.786215,-73.779365,94.5,3,6,2,165.5
343,Shared room,Bay Terrace,Queens,40.77971,-73.77857,32,2,6,1,169
344,Entire home/apt,Bayside,Queens,40.7625546153846,-73.7703407692308,355.076923076923,3,30.8461538461538,1.07692307692308,152.230769230769
345,Private room,Bayside,Queens,40.7583869230769,-73.7677673076923,59.3846153846154,4.76923076923077,20.2692307692308,2.5,208.769230769231
346,Entire home/apt,Bayswater,Queens,40.605244,-73.7636,137.2,2,13.4,1.2,223.4
347,Private room,Bayswater,Queens,40.6059158333333,-73.7621583333333,66.75,6.5,10.3333333333333,1.33333333333333,200.666666666667
348,Entire home/apt,Belle Harbor,Queens,40.576134,-73.8476,167.4,1.8,6.8,1.2,94.4
349,Private room,Belle Harbor,Queens,40.57618,-73.8514533333333,178.333333333333,1.66666666666667,13.3333333333333,1.33333333333333,340.333333333333
350,Entire home/apt,Bellerose,Queens,40.7359633333333,-73.7177133333333,154,2.33333333333333,0,1.66666666666667,146.666666666667
351,Private room,Bellerose,Queens,40.729574,-73.727159,77.9,1.6,11.8,1.4,259.5
352,Private room,Breezy Point,Queens,40.56573,-73.8699033333333,213.333333333333,1,1.66666666666667,1.66666666666667,100.333333333333
353,Entire home/apt,Briarwood,Queens,40.7100688888889,-73.8146716666667,149.388888888889,2.11111111111111,23,1.83333333333333,165.555555555556
354,Private room,Briarwood,Queens,40.709482,-73.813304,86.8,1.82857142857143,23.4571428571429,5.6,176.228571428571
355,Shared room,Briarwood,Queens,40.71106,-73.8146166666667,67.3333333333333,1.33333333333333,4,3.66666666666667,272
356,Entire home/apt,Cambria Heights,Queens,40.6925275,-73.7351425,147,1.75,40,1,207
357,Private room,Cambria Heights,Queens,40.694207,-73.7363155,71.85,2.2,16.25,1.5,109.45
358,Entire home/apt,College Point,Queens,40.783151,-73.843822,117.6,5.2,25.5,1.2,162.4
359,Private room,College Point,Queens,40.7866377777778,-73.8437488888889,55.1111111111111,3,20.4444444444444,1,118.555555555556
360,Entire home/apt,Corona,Queens,40.7443253846154,-73.8572669230769,119.153846153846,3.69230769230769,38,2,193.076923076923
361,Private room,Corona,Queens,40.7418337037037,-73.8603637037037,55,2.40740740740741,37.3703703703704,1.81481481481481,172.777777777778
362,Shared room,Corona,Queens,40.74333,-73.8637383333333,31.375,1.33333333333333,12.625,6.08333333333333,352.166666666667
363,Entire home/apt,Ditmars Steinway,Queens,40.7751718333333,-73.9114053333333,127.666666666667,4.50833333333333,31.625,1.33333333333333,97.375
364,Private room,Ditmars Steinway,Queens,40.7749008108108,-73.9100332972973,73.5783783783784,4.14054054054054,21.8486486486486,2.11351351351351,133.016216216216
365,Shared room,Ditmars Steinway,Queens,40.77603,-73.90957,61,1,7.5,1.5,0
366,Entire home/apt,Douglaston,Queens,40.76335,-73.7382633333333,134,3,26.3333333333333,1,171
367,Private room,Douglaston,Queens,40.757416,-73.734844,52,1.4,17.6,3.8,226.4
368,Entire home/apt,East Elmhurst,Queens,40.7625549056604,-73.8809235849057,132.339622641509,2.69811320754717,49.7735849056604,1.88679245283019,187.245283018868
369,Private room,East Elmhurst,Queens,40.762901984127,-73.8777503174603,61.5952380952381,1.46825396825397,97.0714285714286,2.8968253968254,165.84126984127
370,Shared room,East Elmhurst,Queens,40.76232,-73.8783933333333,40.6666666666667,1,39.6666666666667,3.16666666666667,89.3333333333333
371,Entire home/apt,Edgemere,Queens,40.5955875,-73.772645,139.75,3,8,1.5,251.25
372,Private room,Edgemere,Queens,40.5941542857143,-73.7743471428571,69,14.1428571428571,11.5714285714286,19,289
373,Entire home/apt,Elmhurst,Queens,40.7388696551724,-73.8779987931034,133.293103448276,5.03448275862069,33.8275862068966,1.87931034482759,118.051724137931
374,Private room,Elmhurst,Queens,40.7403680701754,-73.879109005848,64.1637426900585,7.51461988304094,20.5964912280702,11.2397660818713,129.040935672515
375,Shared room,Elmhurst,Queens,40.738435,-73.87521,45.75,1.125,8.75,2.375,189.625
376,Entire home/apt,Far Rockaway,Queens,40.5974425,-73.7514316666667,263,3.5,6.91666666666667,1.58333333333333,111.166666666667
377,Private room,Far Rockaway,Queens,40.5973847058824,-73.7566764705882,97.2941176470588,6.76470588235294,17.1176470588235,14.2352941176471,204.470588235294
378,Entire home/apt,Flushing,Queens,40.7538989622642,-73.8171618867924,174.72641509434,6.58490566037736,37.311320754717,4.44339622641509,162.72641509434
379,Private room,Flushing,Queens,40.7551547882736,-73.820388534202,63.3517915309446,2.2671009771987,35.3257328990228,4.04234527687296,170.530944625407
380,Shared room,Flushing,Queens,40.75652,-73.8179384615385,143.615384615385,1.61538461538462,1.38461538461538,1.84615384615385,93.9230769230769
381,Entire home/apt,Forest Hills,Queens,40.722663,-73.8480735,179.716666666667,10.0166666666667,24.35,1.73333333333333,104.483333333333
382,Private room,Forest Hills,Queens,40.72104,-73.8466590666667,82.44,4.96,20.3466666666667,2.10666666666667,139.8
383,Shared room,Forest Hills,Queens,40.71818,-73.836275,49.75,3.125,27.875,4,159.5
384,Entire home/apt,Fresh Meadows,Queens,40.7382685714286,-73.7885771428572,143,1.57142857142857,35.4285714285714,1.85714285714286,176.642857142857
385,Private room,Fresh Meadows,Queens,40.7390717647059,-73.7887223529412,62.1764705882353,1.23529411764706,32.2941176470588,2.76470588235294,92.7647058823529
386,Entire home/apt,Glendale,Queens,40.6999630769231,-73.8901488461538,131.538461538462,3.07692307692308,21.8461538461538,1.30769230769231,116.923076923077
387,Private room,Glendale,Queens,40.7015467857143,-73.8883310714286,52.9642857142857,4.53571428571429,31.8214285714286,2.25,175.464285714286
388,Entire home/apt,Hollis,Queens,40.7134775,-73.77117,112.25,1.5,16,2.5,114.75
389,Private room,Hollis,Queens,40.7146366666667,-73.7655966666667,74.6666666666667,2.44444444444444,11.1111111111111,2.11111111111111,135.222222222222
390,Shared room,Hollis,Queens,40.71764,-73.76402,120,1,0,2,365
391,Private room,Holliswood,Queens,40.7224525,-73.77063,135.75,2.5,3.75,1,169.5
392,Entire home/apt,Howard Beach,Queens,40.6594981818182,-73.8466318181818,151.363636363636,4.54545454545455,21.7272727272727,1.45454545454545,250.636363636364
393,Private room,Howard Beach,Queens,40.6638377777778,-73.8432411111111,71.4444444444444,1.22222222222222,3.66666666666667,2.22222222222222,157
394,Entire home/apt,Jackson Heights,Queens,40.7519837931034,-73.8817232758621,124.689655172414,2.91379310344828,33.0689655172414,1.5,133.258620689655
395,Private room,Jackson Heights,Queens,40.7518010619469,-73.8810042477876,63.5840707964602,5.73451327433628,26.4513274336283,7.10619469026549,145.469026548673
396,Shared room,Jackson Heights,Queens,40.7497753846154,-73.8848984615385,37.3076923076923,8.15384615384615,11.8461538461538,3.69230769230769,276.692307692308
397,Entire home/apt,Jamaica,Queens,40.684786625,-73.7875165,138.775,2.3125,42.85,1.875,163.95
398,Private room,Jamaica,Queens,40.6855065277778,-73.7890723611111,74.0347222222222,1.65277777777778,40.2708333333333,4.09027777777778,200.111111111111
399,Shared room,Jamaica,Queens,40.6750116666667,-73.7813716666667,37.8333333333333,1,113.833333333333,5.16666666666667,222
400,Entire home/apt,Jamaica Estates,Queens,40.7179493333333,-73.7909653333333,172.266666666667,2.13333333333333,37.1333333333333,1.4,185.2
401,Private room,Jamaica Estates,Queens,40.719835,-73.788375,223,1.25,9.75,1.25,119.25
402,Entire home/apt,Jamaica Hills,Queens,40.71203,-73.80036,236.666666666667,1.66666666666667,7.66666666666667,1.66666666666667,161.666666666667
403,Private room,Jamaica Hills,Queens,40.714524,-73.797388,69.4,1.6,9.2,1.4,127.2
404,Entire home/apt,Kew Gardens,Queens,40.7073225,-73.8320875,131.125,3.25,2.875,1.375,92.375
405,Private room,Kew Gardens,Queens,40.7088419047619,-73.8299152380952,78.8571428571429,6.90476190476191,13.4285714285714,2.61904761904762,235.095238095238
406,Shared room,Kew Gardens,Queens,40.70713,-73.8310533333333,41,1.33333333333333,9,2,253.666666666667
407,Entire home/apt,Kew Gardens Hills,Queens,40.7259917647059,-73.8203652941177,120.705882352941,3.52941176470588,16.6470588235294,1.11764705882353,134.235294117647
408,Private room,Kew Gardens Hills,Queens,40.7214788888889,-73.8170822222222,96.4444444444444,3.22222222222222,5.33333333333333,1.44444444444444,106.444444444444
409,Entire home/apt,Laurelton,Queens,40.6779422222222,-73.7434555555556,129.333333333333,3.11111111111111,15.3333333333333,1.22222222222222,212.888888888889
410,Private room,Laurelton,Queens,40.6726433333333,-73.7457455555556,61.3333333333333,1.55555555555556,43.3333333333333,3.66666666666667,156.333333333333
411,Entire home/apt,Little Neck,Queens,40.77444,-73.73373,149,3,0,1,3
412,Private room,Little Neck,Queens,40.76231,-73.73235,65,1,6,3.66666666666667,105
413,Shared room,Little Neck,Queens,40.76212,-73.71928,32,3,1,1,88
414,Entire home/apt,Long Island City,Queens,40.7518654201681,-73.9396225630252,177.18487394958,8.83193277310924,19.344537815126,1.51260504201681,99.1764705882353
415,Private room,Long Island City,Queens,40.7527770106762,-73.937211886121,84.6085409252669,4.54448398576512,26.7686832740214,2.83629893238434,139.096085409253
416,Shared room,Long Island City,Queens,40.7552592857143,-73.9359078571429,137.071428571429,2.35714285714286,9.28571428571429,2.35714285714286,58.1428571428571
417,Entire home/apt,Maspeth,Queens,40.7270129545455,-73.9009513636364,121.954545454545,4.70454545454545,39.25,1.5,206.318181818182
418,Private room,Maspeth,Queens,40.7316287096774,-73.89904,59.5161290322581,5.48387096774194,12.2258064516129,7.35483870967742,174.435483870968
419,Shared room,Maspeth,Queens,40.7255666666667,-73.9030633333333,35.3333333333333,1,1.66666666666667,1.66666666666667,127
420,Entire home/apt,Middle Village,Queens,40.7156152380952,-73.8773961904762,132.380952380952,8.38095238095238,34.6190476190476,2.0952380952381,240.047619047619
421,Private room,Middle Village,Queens,40.717756,-73.882757,61.7,1.7,32.8,1.7,150
422,Entire home/apt,Neponsit,Queens,40.57063,-73.8592166666667,274.666666666667,2,15.3333333333333,1,231
423,Entire home/apt,Ozone Park,Queens,40.6805851515152,-73.8478887878788,110.575757575758,3,27.8181818181818,1.81818181818182,157.121212121212
424,Private room,Ozone Park,Queens,40.6818992,-73.8467496,60.52,2.16,23.44,1.96,159.56
425,Shared room,Ozone Park,Queens,40.6835133333333,-73.8446866666667,31.6666666666667,4,2.66666666666667,1.33333333333333,121.333333333333
426,Entire home/apt,Queens Village,Queens,40.7146193939394,-73.7417854545455,103.909090909091,3.51515151515152,54.1515151515151,1.45454545454545,188.969696969697
427,Private room,Queens Village,Queens,40.713592,-73.7443224,61.16,2.92,13.96,1.72,145
428,Shared room,Queens Village,Queens,40.726695,-73.75112,39,1,5.5,1.5,62.5
429,Entire home/apt,Rego Park,Queens,40.726816,-73.86116825,127.125,10.075,29.05,1.525,151.875
430,Private room,Rego Park,Queens,40.7265118644068,-73.8617123728814,59.0847457627119,1.72881355932203,25.7118644067797,3.11864406779661,131.135593220339
431,Shared room,Rego Park,Queens,40.7292071428571,-73.8643728571429,45.7142857142857,9.71428571428571,10.7142857142857,2.14285714285714,49.4285714285714
432,Entire home/apt,Richmond Hill,Queens,40.6951560606061,-73.8290396969697,139.545454545455,10.5151515151515,35.969696969697,1.51515151515152,215.151515151515
433,Private room,Richmond Hill,Queens,40.6932654385965,-73.8306031578947,58,2.15789473684211,35.5614035087719,3.17543859649123,181
434,Shared room,Richmond Hill,Queens,40.69219,-73.8314966666667,72.6666666666667,1,5.33333333333333,3,181.666666666667
435,Entire home/apt,Ridgewood,Queens,40.7044322834646,-73.9055103937008,126.259842519685,5.90551181102362,26.2992125984252,1.39370078740157,100.582677165354
436,Private room,Ridgewood,Queens,40.7039189788732,-73.9060635915493,56.2605633802817,8.26056338028169,15.556338028169,3.78521126760563,117.443661971831
437,Shared room,Ridgewood,Queens,40.704066,-73.905102,34.1,27.3,2,4.7,227.4
438,Entire home/apt,Rockaway Beach,Queens,40.5874783333333,-73.8140769047619,148.738095238095,3.30952380952381,26.6666666666667,1.57142857142857,135.571428571429
439,Private room,Rockaway Beach,Queens,40.5872992857143,-73.8129014285714,82.5,3.21428571428571,17,1.14285714285714,243
440,Entire home/apt,Rosedale,Queens,40.65765875,-73.734343125,118,3.9375,28.9375,1.5,207.1875
441,Private room,Rosedale,Queens,40.6601425581395,-73.7344981395349,61.3255813953488,3.3953488372093,28.1395348837209,2.30232558139535,167.06976744186
442,Entire home/apt,South Ozone Park,Queens,40.67322,-73.8028721428571,129,2,70.6428571428571,1.5,205.142857142857
443,Private room,South Ozone Park,Queens,40.671435,-73.8088138888889,69,3.33333333333333,52.6666666666667,3,180.666666666667
444,Shared room,South Ozone Park,Queens,40.6724325,-73.7962325,31,4.5,1.25,7.25,365
445,Entire home/apt,Springfield Gardens,Queens,40.6672766666667,-73.7612427272727,126,2.57575757575758,67.8181818181818,1.78787878787879,189.333333333333
446,Private room,Springfield Gardens,Queens,40.6679739215686,-73.7631162745098,73.1764705882353,1.68627450980392,70.9607843137255,3.68627450980392,217.235294117647
447,Shared room,Springfield Gardens,Queens,40.66684,-73.76645,120,1,16,1,14
448,Entire home/apt,St. Albans,Queens,40.6961944444444,-73.759162962963,163.666666666667,2.07407407407407,31.2592592592593,1.74074074074074,231.740740740741
449,Private room,St. Albans,Queens,40.6953773469388,-73.7636681632653,66.2040816326531,1.77551020408163,35.5102040816327,2.71428571428571,222.795918367347
450,Entire home/apt,Sunnyside,Queens,40.7441070895522,-73.9197493283582,121.925373134328,6.6044776119403,21.1492537313433,1.42537313432836,92.6865671641791
451,Private room,Sunnyside,Queens,40.7416421782178,-73.9210153465347,63.5742574257426,7.82673267326733,24.5990099009901,10.8415841584158,135.945544554455
452,Shared room,Sunnyside,Queens,40.7398092,-73.92329,39.04,2.32,10.68,6.36,230.04
453,Entire home/apt,Whitestone,Queens,40.78946,-73.8219133333333,263.333333333333,2,7.33333333333333,1,265.333333333333
454,Private room,Whitestone,Queens,40.78228,-73.81742625,49.125,1.875,28.375,2,144.25
455,Entire home/apt,Woodhaven,Queens,40.6923347368421,-73.8562931578947,106.947368421053,3.47368421052632,25.9473684210526,3.26315789473684,158.578947368421
456,Private room,Woodhaven,Queens,40.6918043939394,-73.8591645454545,53.9393939393939,2.62121212121212,33.9848484848485,3.93939393939394,215.681818181818
457,Shared room,Woodhaven,Queens,40.69403,-73.85081,34.5,1,28,3,200.5
458,Entire home/apt,Woodside,Queens,40.7460177777778,-73.9028241269841,148.714285714286,3.53968253968254,42.0476190476191,1.50793650793651,155.507936507937
459,Private room,Woodside,Queens,40.7458957894737,-73.902684619883,61.7777777777778,12.859649122807,13.906432748538,26.0701754385965,121.140350877193
460,Shared room,Woodside,Queens,40.74508,-73.90291,65,2,8,1,89
461,Entire home/apt,Arden Heights,Staten Island,40.5555066666667,-74.1850433333333,76,12,8,1,125.666666666667
462,Private room,Arden Heights,Staten Island,40.54312,-74.17388,41,2,7,1,0
463,Entire home/apt,Arrochar,Staten Island,40.592884,-74.070155,189.7,2,16.9,2.3,213.9
464,Private room,Arrochar,Staten Island,40.595204,-74.079821,46.8,3.1,13.8,6.1,304.4
465,Entire home/apt,"Bay Terrace, Staten Island",Staten Island,40.551435,-74.140495,102.5,16.5,1.5,1,0
466,Private room,Bull's Head,Staten Island,40.60115,-74.1663716666667,47.3333333333333,12.1666666666667,15.3333333333333,2.33333333333333,165.666666666667
467,Entire home/apt,Castleton Corners,Staten Island,40.615525,-74.12639,182,2.5,50.5,1,195
468,Private room,Castleton Corners,Staten Island,40.61868,-74.119625,97.5,15.5,0,1,182.5
469,Entire home/apt,Clifton,Staten Island,40.6208225,-74.07892,91.25,1.75,80.375,1.75,249
470,Private room,Clifton,Staten Island,40.6190233333333,-74.0832233333333,49.6666666666667,1.66666666666667,20.6666666666667,5,142
471,Shared room,Clifton,Staten Island,40.61596,-74.0855975,98.75,2.25,0.75,7,105.75
472,Entire home/apt,Concord,Staten Island,40.60436,-74.07758,142.5,3.25,14,1.25,202
473,Private room,Concord,Staten Island,40.6016063157895,-74.0854447368421,44.9473684210526,6,31.1052631578947,5.47368421052632,299.210526315789
474,Shared room,Concord,Staten Island,40.60145,-74.0850266666667,29.6666666666667,2.33333333333333,0.333333333333333,6,50.6666666666667
475,Entire home/apt,Dongan Hills,Staten Island,40.581645,-74.0945875,101.25,3,33.5,1,103.5
476,Private room,Dongan Hills,Staten Island,40.57873,-74.09168,50.3333333333333,1,8,3,229
477,Entire home/apt,Eltingville,Staten Island,40.540225,-74.150275,184.5,7.5,41.5,2,160.5
478,Private room,Eltingville,Staten Island,40.54268,-74.16254,56,1,145,1,258
479,Entire home/apt,Emerson Hill,Staten Island,40.608385,-74.117335,63.5,1.5,27,2,51
480,Private room,Emerson Hill,Staten Island,40.6063466666667,-74.1351266666667,71.3333333333333,1.66666666666667,0.666666666666667,1,100.666666666667
481,Entire home/apt,Fort Wadsworth,Staten Island,40.59546,-74.06092,800,7,0,3,365
482,Entire home/apt,Graniteville,Staten Island,40.6237,-74.16596,93,2.5,21.5,1,131.5
483,Private room,Graniteville,Staten Island,40.62109,-74.16534,20,3,80,1,226
484,Entire home/apt,Grant City,Staten Island,40.5789575,-74.10935,71.75,3,40,2.5,243.25
485,Private room,Grant City,Staten Island,40.578875,-74.10929,29.5,14,0.5,2,234.5
486,Entire home/apt,Great Kills,Staten Island,40.553108,-74.146116,92.4,19.8,32.8,1.4,163
487,Private room,Great Kills,Staten Island,40.54683,-74.143498,108.8,1.6,20,2.2,134.2
488,Entire home/apt,Grymes Hill,Staten Island,40.6147066666667,-74.0929733333333,170.833333333333,2,12.1666666666667,1,154.333333333333
489,Private room,Grymes Hill,Staten Island,40.6157,-74.0985,89,1,1,1,65
490,Entire home/apt,Howland Hook,Staten Island,40.631295,-74.17262,100,3.5,20.5,1,225.5
491,Entire home/apt,Huguenot,Staten Island,40.5394666666667,-74.17168,118.333333333333,1.66666666666667,55.6666666666667,1.66666666666667,208
492,Entire home/apt,Lighthouse Hill,Staten Island,40.576795,-74.13456,157.5,2,39,1,215.5
493,Entire home/apt,Mariners Harbor,Staten Island,40.6327566666667,-74.1571566666667,120,2.66666666666667,9.33333333333333,1,204.333333333333
494,Private room,Mariners Harbor,Staten Island,40.633432,-74.160452,79.4,2.2,29,1,183.8
495,Entire home/apt,Midland Beach,Staten Island,40.57457,-74.095404,94.2,3.4,6,1,211.6
496,Private room,Midland Beach,Staten Island,40.56933,-74.09493,80,1,7,1,358
497,Entire home/apt,New Brighton,Staten Island,40.64098,-74.0935,249,2,8,1,241
498,Private room,New Brighton,Staten Island,40.643015,-74.0928225,65,9.25,48.25,1.5,118
499,Entire home/apt,New Dorp,Staten Island,40.57044,-74.11747,57,1,0,1,0
500,Entire home/apt,New Dorp Beach,Staten Island,40.563085,-74.100235,85.5,3,0,1,23
501,Private room,New Dorp Beach,Staten Island,40.56599,-74.1033833333333,38.6666666666667,1.33333333333333,24.6666666666667,1.66666666666667,275.333333333333
502,Entire home/apt,New Springville,Staten Island,40.585545,-74.15909,98.75,1.75,28,1,44.75
503,Private room,New Springville,Staten Island,40.58348,-74.15653,53.25,3.5,30.75,2.5,85.75
504,Entire home/apt,Oakwood,Staten Island,40.561435,-74.123385,115,1.5,1.5,2,199.5
505,Private room,Oakwood,Staten Island,40.5598966666667,-74.11541,58.6666666666667,1,2,2.33333333333333,181
506,Entire home/apt,Port Richmond,Staten Island,40.629795,-74.13445,150,30.5,0.5,3,0
507,Private room,Port Richmond,Staten Island,40.6349216666667,-74.133675,48.3333333333333,1.16666666666667,25.3333333333333,2,286.5
508,Entire home/apt,Prince's Bay,Staten Island,40.5252666666667,-74.1985366666667,506.666666666667,6,7.66666666666667,1,29.6666666666667
509,Private room,Prince's Bay,Staten Island,40.527,-74.20941,118,1,0,1,353
510,Entire home/apt,Randall Manor,Staten Island,40.6315988888889,-74.1216355555556,651,1.88888888888889,26,2.11111111111111,280.666666666667
511,Private room,Randall Manor,Staten Island,40.6340544444444,-74.1209188888889,56.8888888888889,3.44444444444444,11,2.77777777777778,299.444444444444
512,Shared room,Randall Manor,Staten Island,40.63136,-74.12559,13,1,9,3,8
513,Entire home/apt,Richmondtown,Staten Island,40.57093,-74.12429,78,3,79,1,300
514,Entire home/apt,Rosebank,Staten Island,40.612802,-74.069982,132.6,2.4,25.2,1,186.6
515,Private room,Rosebank,Staten Island,40.610515,-74.073515,60,1.5,44.5,1,146.5
516,Entire home/apt,Rossville,Staten Island,40.5479,-74.21017,75,3,21,1,59
517,Entire home/apt,Shore Acres,Staten Island,40.608865,-74.0679875,153.75,3,36.5,1,155.75
518,Private room,Shore Acres,Staten Island,40.6087666666667,-74.06504,151.333333333333,2.66666666666667,0,1,59.6666666666667
519,Entire home/apt,Silver Lake,Staten Island,40.62257,-74.09984,80,2,147,1,324
520,Private room,Silver Lake,Staten Island,40.62422,-74.09316,60,3,90,1,0
521,Entire home/apt,South Beach,Staten Island,40.59116,-74.08174,275,4,24,1,127
522,Private room,South Beach,Staten Island,40.5914916666667,-74.0867133333333,69.8333333333333,1.83333333333333,11.6666666666667,2.33333333333333,222.666666666667
523,Shared room,South Beach,Staten Island,40.5895,-74.09663,20,4,1,1,0
524,Entire home/apt,St. George,Staten Island,40.6444234615385,-74.0825111538462,151.576923076923,16.8461538461538,44.2692307692308,1.92307692307692,166.153846153846
525,Private room,St. George,Staten Island,40.6417519047619,-74.0809852380952,73.3333333333333,3.23809523809524,39.8095238095238,2,215.190476190476
526,Entire home/apt,Stapleton,Staten Island,40.630437,-74.079113,160.9,5.4,51.5,1.3,154.1
527,Private room,Stapleton,Staten Island,40.6339729411765,-74.0781317647059,62.5294117647059,1.23529411764706,30.6470588235294,2.47058823529412,251.823529411765
528,Entire home/apt,Todt Hill,Staten Island,40.6011966666667,-74.1082166666667,208.666666666667,6.33333333333333,3.33333333333333,1.66666666666667,101.333333333333
529,Private room,Todt Hill,Staten Island,40.60991,-74.11577,50,2,6,3,52
530,Entire home/apt,Tompkinsville,Staten Island,40.6332813333333,-74.088176,111.466666666667,2.8,50.2,1.73333333333333,183
531,Private room,Tompkinsville,Staten Island,40.633052962963,-74.0855140740741,56.5925925925926,2.03703703703704,61,3.03703703703704,224.111111111111
532,Entire home/apt,Tottenville,Staten Island,40.508916,-74.238408,160.8,2.6,27.8,1.4,228.8
533,Private room,Tottenville,Staten Island,40.503435,-74.241845,105,2,0,1,364.5
534,Entire home/apt,West Brighton,Staten Island,40.632844,-74.11482,111.8,1.6,60.8,2.6,294.8
535,Private room,West Brighton,Staten Island,40.6315815384615,-74.1163969230769,68.5384615384615,6.53846153846154,27.0769230769231,3,267
536,Entire home/apt,Westerleigh,Staten Island,40.61357,-74.13566,103,3,1,1,189
537,Private room,Westerleigh,Staten Island,40.61422,-74.13167,40,2,17,1,36
538,Entire home/apt,Willowbrook,Staten Island,40.59886,-74.13217,249,4,9,2,351