,neighbourhood,neighbourhood_group,id,latitude,longitude,price,minimum_nights,number_of_reviews,calculated_host_listings_count,availability_365
1,Allerton,Bronx,20077286.4761905,40.8652916666667,-73.8587271428571,87.5952380952381,2.21428571428571,42.9285714285714,2.76190476190476,163.666666666667
2,Arden Heights,Staten Island,29356194,40.55241,-74.1822525,67.25,9.5,7.75,1,94.25
3,Arrochar,Staten Island,21800183.45,40.594044,-74.074988,118.25,2.55,15.35,4.2,259.15
4,Arverne,Queens,21294997.4545455,40.591852987013,-73.7948390909091,171.779220779221,1.64935064935065,29.2597402597403,1.66233766233766,188.428571428571
5,Astoria,Queens,19133324.0751964,40.7643011223345,-73.9200012233446,117.240179573513,6.00897867564534,21.672278338945,2.79012345679012,110.092031425365
6,Bath Beach,Brooklyn,25550879.7647059,40.6041341176471,-74.0063741176471,81.7647058823529,2.47058823529412,21.3529411764706,1.52941176470588,196.117647058824
7,Battery Park City,Manhattan,19266360.8939394,40.7098957575758,-74.0166090909091,370.742424242424,16.9545454545455,8.78787878787879,9.95454545454546,100.924242424242
8,Bay Ridge,Brooklyn,22356226.8489209,40.6314751798561,-74.0262176978417,144.992805755396,10.1223021582734,18.8345323741007,1.86330935251799,143.453237410072
9,Bay Terrace,Queens,13437852.3333333,40.7806633333333,-73.78305,142,2.5,41.5,1.33333333333333,222.5
10,"Bay Terrace, Staten Island",Staten Island,26711700.5,40.551435,-74.140495,102.5,16.5,1.5,1,0
11,Baychester,Bronx,22155661.4285714,40.8736157142857,-73.8429671428571,75.4285714285714,2.42857142857143,44.2857142857143,1.71428571428571,157.857142857143
12,Bayside,Queens,23218355.0512821,40.7597761538462,-73.7686251282051,157.948717948718,4.17948717948718,23.7948717948718,2.02564102564103,189.923076923077
13,Bayswater,Bronx,26898735.8235294,40.6057182352941,-73.7625823529412,87.4705882352941,5.17647058823529,11.2352941176471,1.29411764705882,207.352941176471
14,Bedford-Stuyvesant,Brooklyn,19281768.765088,40.6871878619756,-73.939810435724,107.590527740189,5.68416779431664,29.8652232746955,2.61569688768606,116.617050067659
15,Belle Harbor,Queens,25198154,40.57615125,-73.849045,171.5,1.75,9.25,1.25,186.625
16,Bellerose,Queens,24860115.3846154,40.7310484615385,-73.7249792307692,95.4615384615385,1.76923076923077,9.07692307692308,1.46153846153846,233.461538461538
17,Belmont,Bronx,26903165.2916667,40.8550616666667,-73.88710875,77.125,3.375,12.3333333333333,1.58333333333333,187.666666666667
18,Bensonhurst,Brooklyn,20806152.7972973,40.6122240540541,-73.993955,76.2702702702703,5.02702702702703,24.9324324324324,2,136.662162162162
19,Bergen Beach,Brooklyn,23179268.4,40.623371,-73.909206,106.7,6.1,20.5,1.1,138.2
20,Boerum Hill,Brooklyn,15697605.6034483,40.686391954023,-73.9854594827586,167.333333333333,7.82758620689655,24.683908045977,2.17241379310345,76.367816091954
21,Borough Park,Brooklyn,25041775.9253731,40.6373387313433,-73.9970673134328,62.8731343283582,3.19402985074627,16.6567164179104,4.08208955223881,169.492537313433
22,Breezy Point,Queens,30141013.3333333,40.56573,-73.8699033333333,213.333333333333,1,1.66666666666667,1.66666666666667,100.333333333333
23,Briarwood,Queens,22251683.3035714,40.7097551785714,-73.8138139285714,105.875,1.89285714285714,22.2678571428571,4.28571428571429,177.928571428571
24,Brighton Beach,Brooklyn,23283636.2,40.5784129333333,-73.9612993333333,131.933333333333,4.52,17.96,1.86666666666667,170.866666666667
25,Bronxdale,Bronx,21904732.7368421,40.8547310526316,-73.8662873684211,57.1052631578947,2.89473684210526,24.1052631578947,1.10526315789474,145.421052631579
26,Brooklyn Heights,Brooklyn,17156506.218543,40.694779602649,-73.9943362913907,201.860927152318,6.44370860927152,16.9205298013245,1.0794701986755,64.9337748344371
27,Brownsville,Brooklyn,21418268.4590164,40.6646742622951,-73.9142142622951,76.4590163934426,2.67213114754098,31.344262295082,2.29508196721311,121.327868852459
28,Bull's Head,Staten Island,29327811.6666667,40.60115,-74.1663716666667,47.3333333333333,12.1666666666667,15.3333333333333,2.33333333333333,165.666666666667
29,Bushwick,Brooklyn,20339765.4288046,40.6967242023664,-73.9203750509996,84.3035495716034,5.85842513259894,21.3219094247246,2.59608323133415,95.8310893512852
30,Cambria Heights,Queens,25152331.0833333,40.6939270833333,-73.73612,84.375,2.125,20.2083333333333,1.41666666666667,125.708333333333
31,Canarsie,Brooklyn,20428742.9659864,40.6385942857143,-73.9012931292517,104.367346938776,2.29251700680272,36.312925170068,2.14965986394558,223.87074829932
32,Carroll Gardens,Queens,15275262.2358079,40.6806158078603,-73.9961643231441,176.148471615721,4.58951965065502,25.7510917030568,1.37117903930131,70.3056768558952
33,Castle Hill,Bronx,33047539.8888889,40.8168888888889,-73.847,63,2.33333333333333,13.1111111111111,5.66666666666667,159.333333333333
34,Castleton Corners,Staten Island,16361608,40.6171025,-74.1230075,139.75,9,25.25,1,188.75
35,Chelsea,Manhattan,19068778.880109,40.7446871934605,-73.9981039872843,248.182561307902,9.75022706630336,21.47229791099,16.4268846503179,114.406902815622
36,Chinatown,Staten Island,18028325.4701087,40.7156196195652,-73.9939068206522,161.497282608696,5.67391304347826,27.0135869565217,1.49728260869565,90.7961956521739
37,City Island,Bronx,22683909.7777778,40.8478722222222,-73.7870544444445,173,2.05555555555556,42.1666666666667,1.44444444444444,131.222222222222
38,Civic Center,Manhattan,19010763.4423077,40.7138553846154,-74.0036282692308,191.942307692308,7.5,12.25,2.5,68.2692307692308
39,Claremont Village,Bronx,27599603.1428571,40.8391853571429,-73.9092785714286,87.4642857142857,15.2142857142857,12.5,2.21428571428571,179.678571428571
40,Clason Point,Bronx,20872104.15,40.8116835,-73.856872,113.9,2.05,15.8,2.9,225.4
41,Clifton,Staten Island,19098803.9333333,40.619166,-74.0815613333333,84.9333333333333,1.86666666666667,47.2,3.8,189.4
42,Clinton Hill,Brooklyn,15612275.8133803,40.6881019542254,-73.9644018309859,170.806338028169,6.72535211267606,25.6795774647887,1.75,95.6830985915493
43,Co-op City,,2213345.5,40.864815,-73.82324,77.5,2.5,17,7,364
44,Cobble Hill,Brooklyn,15582892.0918367,40.6872910204082,-73.9955403061225,205.979591836735,7.39795918367347,29.469387755102,1.1734693877551,63.7142857142857
45,College Point,Queens,24106714,40.7848026315789,-73.843787368421,88,4.15789473684211,23.1052631578947,1.10526315789474,141.631578947368
46,Columbia St,Brooklyn,18395743.0487805,40.6849697560976,-74.0024814634146,165.09756097561,5.36585365853659,16.7073170731707,1.4390243902439,70.780487804878
47,Concord,Staten Island,20400393,40.6020119230769,-74.0841865384615,58.1923076923077,5.15384615384615,24.9230769230769,4.88461538461539,255.576923076923
48,Concourse,Bronx,19410114.12,40.8269188,-73.9244694,86.18,2.6,32.86,1.44,160.04
49,Concourse Village,Bronx,19677842.28125,40.83005375,-73.9178053125,73.78125,3.21875,25.21875,1.21875,159.53125
50,Coney Island,Brooklyn,23867013.5294118,40.5759388235294,-73.9885817647059,123.705882352941,4.47058823529412,21.9411764705882,4.17647058823529,163.235294117647
51,Corona,Queens,23702191.328125,40.7429009375,-73.86100015625,59.171875,2.265625,28.21875,3.453125,244.171875
52,Crown Heights,Brooklyn,17702715.7630729,40.6727076049064,-73.9462440735959,112.679793415107,5.62427372498386,23.5041962556488,1.71078114912847,96.4996772111039
53,Cypress Hills,Brooklyn,22788602.4776119,40.6822199253731,-73.8842463432836,129.305970149254,6.35074626865672,33.4477611940299,2.28358208955224,169.753731343284
54,Ditmars Steinway,Queens,19179409.6254072,40.7750141042345,-73.9105665798046,94.6384364820847,4.26384364820847,25.5765472312704,1.80456026058632,118.218241042345
55,Dongan Hills,Staten Island,26438883,40.5803957142857,-74.0933414285714,79.4285714285714,2.14285714285714,22.5714285714286,1.85714285714286,157.285714285714
56,Douglaston,Queens,22775245.875,40.75964125,-73.73612625,82.75,2,20.875,2.75,205.625
57,Downtown Brooklyn,Brooklyn,20231388.0121951,40.6943785365854,-73.9849490243902,150.536585365854,5.9390243902439,14.4878048780488,2.59756097560976,39.9634146341463
58,DUMBO,Brooklyn,17754633.4857143,40.7032765714286,-73.987958,197.628571428571,7.62857142857143,39.4857142857143,7.85714285714286,117.742857142857
59,Dyker Heights,Brooklyn,20312570.5833333,40.6240875,-74.0104725,93.4166666666667,2.5,34.5833333333333,1.66666666666667,144.75
60,East Elmhurst,Queens,24017849.1675676,40.7627836756757,-73.8786802702703,81.1837837837838,1.80540540540541,81.6594594594595,2.61621621621622,169.491891891892
61,East Flatbush,Brooklyn,22124372.502008,40.6490004417671,-73.939246184739,104.160642570281,6.43975903614458,24.995983935743,3.75903614457831,180.33734939759
62,East Harlem,Manhattan,19025276.0225632,40.7961285649819,-73.9422868592058,133.157942238267,5.80324909747292,32.6272563176895,2.39079422382671,98.0974729241877
63,East Morrisania,Bronx,24530962.9,40.831259,-73.888838,85,1.4,48,2.9,193.5
64,East New York,Brooklyn,23745947.6100917,40.6682120183486,-73.8841966513761,85.4266055045872,4.67889908256881,31.0045871559633,3.62385321100917,186.536697247706
65,East Village,Manhattan,16880278.0596933,40.7267416538883,-73.983836128149,183.02300109529,6.45728368017525,24.4315443592552,3.66484118291347,75.1686746987952
66,Eastchester,Bronx,13356456.6153846,40.8808523076923,-73.8347223076923,141.692307692308,1.69230769230769,12.0769230769231,12.0769230769231,333.461538461538
67,Edenwald,Bronx,26308989.3846154,40.8880346153846,-73.8360869230769,82,3.07692307692308,15.3846153846154,1.46153846153846,213.461538461538
68,Edgemere,Queens,22504898.7272727,40.5946754545455,-73.7737281818182,94.7272727272727,10.0909090909091,10.2727272727273,12.6363636363636,275.272727272727
69,Elmhurst,Queens,23300235.0548523,40.7399361181435,-73.8787056962025,80.4599156118144,6.69198312236287,23.4345991561181,8.64978902953587,128.396624472574
70,Eltingville,Staten Island,18040748,40.5410433333333,-74.1543633333333,141.666666666667,5.33333333333333,76,1.66666666666667,193
71,Emerson Hill,Staten Island,21301121.8,40.607162,-74.12801,68.2,1.6,11.2,1.4,80.8
72,Far Rockaway,Queens,22214419.6551724,40.5974086206897,-73.7545062068966,165.862068965517,5.41379310344828,12.8965517241379,9,165.862068965517
73,Fieldston,Bronx,18177458.25,40.8919425,-73.9019416666667,75.0833333333333,3.08333333333333,12.1666666666667,1.25,143.75
74,Financial District,Manhattan,25352594.8887381,40.70691192673,-74.009193256445,223.569877883311,12.3283582089552,9.40434192672999,115.937584803256,193.142469470828
75,Flatbush,Brooklyn,18066122.5179739,40.6449492810458,-73.9604880392157,92.3872549019608,5.0343137254902,20.8937908496732,1.57679738562091,94.5032679738562
76,Flatiron District,Manhattan,18353779.7733333,40.7410302666667,-73.9884098666667,332.92,6.18666666666667,18.92,7.81333333333333,131.253333333333
77,Flatlands,Brooklyn,20685186.2289157,40.6255426506024,-73.9325757831325,126.433734939759,2.56626506024096,22.1566265060241,1.85542168674699,197.240963855422
78,Flushing,Queens,22974335.8122066,40.7548839671362,-73.8195108920188,93.5140845070423,3.32159624413146,34.7840375586854,4.07511737089202,166.25117370892
79,Fordham,Bronx,26312622.8730159,40.8632215873016,-73.8943592063492,69.4444444444444,4.23809523809524,15.1746031746032,3.85714285714286,143.555555555556
80,Forest Hills,Queens,19217974.3776224,40.721560979021,-73.8466716083916,121.426573426573,6.97902097902098,22.4475524475524,2.05594405594406,126.083916083916
81,Fort Greene,Brooklyn,16587810.7392197,40.690186036961,-73.9741072895277,151.225872689938,7.50924024640657,21.5872689938398,2.89322381930185,90.2895277207392
82,Fort Hamilton,Brooklyn,19647804.5185185,40.6188742592593,-74.0321674074074,93.8888888888889,6.07407407407407,13.7962962962963,1.44444444444444,153.796296296296
83,Fort Wadsworth,Staten Island,20305160,40.59546,-74.06092,800,7,0,3,365
84,Fresh Meadows,Queens,22871336.6129032,40.7387090322581,-73.7886567741936,98.6774193548387,1.38709677419355,33.7096774193548,2.35483870967742,130.645161290323
85,Glendale,Queens,24058797.7222222,40.7007842592593,-73.8892062962963,90.7962962962963,3.83333333333333,27.0185185185185,1.7962962962963,147.277777777778
86,Gowanus,Brooklyn,17360069.322449,40.6762517142857,-73.9886926938776,158.2,5.57551020408163,31.465306122449,2.6530612244898,122.228571428571
87,Gramercy,Manhattan,16578325.9638554,40.7355640361446,-73.9843148795181,215.71686746988,7.5,23.1385542168675,5.57228915662651,93.0602409638554
88,Graniteville,Staten Island,18094910.6666667,40.62283,-74.1657533333333,68.6666666666667,2.66666666666667,41,1,163
89,Grant City,Staten Island,27970835,40.57893,-74.10933,57.6666666666667,6.66666666666667,26.8333333333333,2.33333333333333,240.333333333333
90,Gravesend,Brooklyn,25126421.9402985,40.5954646268657,-73.9769837313433,78.6119402985075,6.64179104477612,19.9402985074627,3.3134328358209,132.134328358209
91,Great Kills,Staten Island,21134360.1,40.549969,-74.144807,100.6,10.7,26.4,1.8,148.6
92,Greenpoint,Brooklyn,16423247.8731884,40.7279879166667,-73.9505545652174,144.551630434783,6.37771739130435,17.598731884058,5.22463768115942,78.919384057971
93,Greenwich Village,Manhattan,17252907.6467532,40.7306206493506,-73.9986056363636,253.576623376623,15.9558441558442,16.9506493506493,2.42077922077922,82.4051948051948
94,Grymes Hill,Staten Island,28320525.2857143,40.6148485714286,-74.0937628571429,159.142857142857,1.85714285714286,10.5714285714286,1,141.571428571429
95,Harlem,Manhattan,17869245.5846621,40.816031078208,-73.9480174981017,118.786636294609,6.27486712224753,28.8390280941534,2.19589977220957,106.241837509491
96,Hell's Kitchen,Manhattan,21331053.3042806,40.7621462145436,-73.9914897524497,203.339865910263,8.21763795771016,25.9035585353275,12.9216090768437,139.683857658587
97,Highbridge,Bronx,21011728.5925926,40.8354896296296,-73.9278518518519,71.1111111111111,4.14814814814815,48.8148148148148,2.25925925925926,158.555555555556
98,Hollis,Queens,27374253.0714286,40.71452,-73.7670764285714,88.6428571428571,2.07142857142857,11.7142857142857,2.21428571428571,145.785714285714
99,Holliswood,Queens,20050837.5,40.7224525,-73.77063,135.75,2.5,3.75,1,169.5
100,Howard Beach,Queens,25957144.9,40.661451,-73.845106,115.4,3.05,13.6,1.8,208.5
101,Howland Hook,Staten Island,14067917,40.631295,-74.17262,100,3.5,20.5,1,225.5
102,Huguenot,Staten Island,27117773.6666667,40.5394666666667,-74.17168,118.333333333333,1.66666666666667,55.6666666666667,1.66666666666667,208
103,Hunts Point,Bronx,23141221.7222222,40.8155222222222,-73.8880883333333,50.5,13.7777777777778,9.77777777777778,3.55555555555556,239.166666666667
104,Inwood,Manhattan,18770541.2226721,40.8653043319838,-73.9246732793522,88.4412955465587,5.38866396761134,18.4736842105263,2.31578947368421,98.5991902834008
105,Jackson Heights,Queens,21940748.7717391,40.7517155434783,-73.8815060326087,80.9891304347826,5.01630434782609,27.5054347826087,5.09782608695652,150.891304347826
106,Jamaica,Queens,24231098.3347826,40.6849823478261,-73.7883303043478,95.6086956521739,1.86521739130435,43.0869565217391,3.34782608695652,188.104347826087
107,Jamaica Estates,Queens,25887118.9473684,40.7183463157895,-73.79042,182.947368421053,1.94736842105263,31.3684210526316,1.36842105263158,171.315789473684
108,Jamaica Hills,Queens,29766877.5,40.71358875,-73.7985025,132.125,1.625,8.625,1.5,140.125
109,Kensington,Brooklyn,16886995.2742857,40.6417488571429,-73.9757015428571,92.8857142857143,7.74285714285714,16.9828571428571,1.98857142857143,83.9485714285714
110,Kew Gardens,Queens,20267966.96875,40.7083015625,-73.830565,88.375,5.46875,10.375,2.25,201.15625
111,Kew Gardens Hills,Queens,24329519.2692308,40.7244296153846,-73.8192288461538,112.307692307692,3.42307692307692,12.7307692307692,1.23076923076923,124.615384615385
112,Kingsbridge,Bronx,20802591.3623188,40.876727826087,-73.9016555072464,77.7536231884058,5.04347826086957,20.7971014492754,2.23188405797101,155.115942028986
113,Kips Bay,Manhattan,19681833.0932755,40.741812537961,-73.9793810629067,189.802603036876,12.3080260303688,12.6616052060738,15.7440347071584,124.093275488069
114,Laurelton,Queens,24274476.1111111,40.6752927777778,-73.7446005555556,95.3333333333333,2.33333333333333,29.3333333333333,2.44444444444444,184.611111111111
115,Lighthouse Hill,Staten Island,12647023,40.576795,-74.13456,157.5,2,39,1,215.5
116,Little Italy,Manhattan,21361252.25,40.7187988333333,-73.99722325,180.166666666667,11.5583333333333,23.325,5.125,101.175
117,Little Neck,Queens,27729399.2,40.764698,-73.730012,75.2,1.8,3.8,2.6,81.2
118,Long Island City,Queens,21043701.6472795,40.7524351594747,-73.9382540712946,127.324577861163,6.4015009380863,22.9943714821764,2.23264540337711,119.144465290807
119,Longwood,Bronx,21658709.0983607,40.8214103278689,-73.9024472131148,91.7868852459016,2.65573770491803,27.0655737704918,1.55737704918033,153.360655737705
120,Lower East Side,Manhattan,17309210.3584906,40.7183757713652,-73.9878160155383,185.093229744728,6.0377358490566,26.8157602663707,2.66037735849057,97.3418423973363
121,Manhattan Beach,Brooklyn,12205979.125,40.579365,-73.946535,103.5,6,50.625,1.375,205.625
122,Marble Hill,Manhattan,17125440.3333333,40.8757408333333,-73.9110383333333,89.1666666666667,2.58333333333333,14,1.5,114.666666666667
123,Mariners Harbor,Staten Island,21352536.25,40.63317875,-74.15921625,94.625,2.375,21.625,1,191.5
124,Maspeth,Queens,22746709.4678899,40.7295986238532,-73.899922293578,84.0550458715596,5.04587155963303,22.8440366972477,4.8348623853211,186
125,Melrose,Bronx,28002190.1,40.821535,-73.915849,83.3,3.1,9,1,93.6
126,Middle Village,Queens,19217113.516129,40.7163058064516,-73.879125483871,109.58064516129,6.2258064516129,34.0322580645161,1.96774193548387,211
127,Midland Beach,Staten Island,22584368.1666667,40.5736966666667,-74.095325,91.8333333333333,3,6.16666666666667,1,236
128,Midtown,Manhattan,21702526.3180628,40.7548488939791,-73.9758207068063,280.152486910995,11.386780104712,12.7251308900524,16.3291884816754,158.765052356021
129,Midwood,Brooklyn,20372879.9724771,40.6202068807339,-73.9596721100917,80.3394495412844,8.06422018348624,15.1834862385321,1.44036697247706,97.8165137614679
130,Mill Basin,Brooklyn,26256348.25,40.6123825,-73.91585,179.75,2.25,17.25,1,290
131,Morningside Heights,Manhattan,17383706.4302326,40.8083207267442,-73.9617627906977,114.520348837209,5.74418604651163,13.3691860465116,1.42441860465116,42.2441860465116
132,Morris Heights,Bronx,20106554.5882353,40.8491311764706,-73.9163017647059,76.9411764705882,1.82352941176471,27.3529411764706,1.23529411764706,198.235294117647
133,Morris Park,Bronx,24032463.0666667,40.8522793333333,-73.8553806666667,69.3333333333333,2.93333333333333,18.0666666666667,2.93333333333333,126
134,Morrisania,Bronx,26665709.7777778,40.8282811111111,-73.9058561111111,83.4444444444444,2.22222222222222,10.3333333333333,1.77777777777778,135.5
135,Mott Haven,Bronx,22117237.8,40.8109975,-73.9198715,88.9166666666667,2.35,42.3666666666667,1.66666666666667,146.933333333333
136,Mount Eden,Bronx,16555591.5,40.8420633333333,-73.9165016666667,58.5,1.83333333333333,70,1,136.166666666667
137,Mount Hope,Bronx,20851518.5,40.8484305,-73.9055175,77.5,15.95,21.75,1.9,155.65
138,Murray Hill,Manhattan,22529749.5394191,40.7474367634855,-73.9760144190871,217.719917012448,15.6721991701245,9.40871369294606,54.195020746888,174.400414937759
139,Navy Yard,Brooklyn,18566976.9285714,40.6998214285714,-73.9739357142857,151.642857142857,4.57142857142857,17.9285714285714,1.28571428571429,48.9285714285714
140,Neponsit,Queens,17287932,40.57063,-73.8592166666667,274.666666666667,2,15.3333333333333,1,231
141,New Brighton,Staten Island,25940101.8,40.642608,-74.092958,101.8,7.8,40.2,1.4,142.6
142,New Dorp,Staten Island,23597323,40.57044,-74.11747,57,1,0,1,0
143,New Dorp Beach,Staten Island,28945579.6,40.564828,-74.102124,57.4,2,14.8,1.4,174.4
144,New Springville,Staten Island,23278766.625,40.5845125,-74.15781,76,2.625,29.375,1.75,65.25
145,NoHo,Manhattan,19561937.2631579,40.7269855263158,-73.9930432894737,296.921052631579,6.10526315789474,13.0789473684211,8.82894736842105,104.5
146,Nolita,Manhattan,16692024.1566265,40.72213437751,-73.9950778714859,231.088353413655,6.85542168674699,22.6265060240964,3.88353413654618,69.7550200803213
147,North Riverdale,Bronx,24205699.5,40.907599,-73.898328,79.9,41.4,18.2,1.7,166
148,Norwood,Bronx,20080940.7741935,40.8750358064516,-73.8794209677419,75.5483870967742,3.70967741935484,16.741935483871,1.19354838709677,154.290322580645
149,Oakwood,Staten Island,29737572,40.560512,-74.1186,81.2,1.2,1.8,2.2,188.4
150,Olinville,Bronx,26653836.25,40.883655,-73.86451,64,23.5,7.5,1,172.5
151,Ozone Park,Queens,22931982.3934426,40.681267704918,-73.8472644262295,86.1803278688525,2.70491803278689,24.7868852459016,1.85245901639344,156.360655737705
152,Park Slope,Brooklyn,14481670.9600798,40.6742060479042,-73.9789263473054,176.107784431138,8.64271457085828,29.2175648702595,1.39121756487026,89.3592814371257
153,Parkchester,Bronx,24098957.6923077,40.83565,-73.8638717948718,69.0769230769231,4.53846153846154,23.3589743589744,1.74358974358974,140.435897435897
154,Pelham Bay,Bronx,24325826.2352941,40.84935,-73.8320764705882,105,2.76470588235294,26,1.41176470588235,201.647058823529
155,Pelham Gardens,Bronx,23474953.6785714,40.8636839285714,-73.84316,93.6071428571429,2.67857142857143,40.7142857142857,1.71428571428571,146.357142857143
156,Port Morris,Bronx,25263307.673913,40.8067339130435,-73.9266202173913,79.8913043478261,4.28260869565217,20.6086956521739,3.65217391304348,152.173913043478
157,Port Richmond,Staten Island,22638794.625,40.63364,-74.13386875,73.75,8.5,19.125,2.25,214.875
158,Prince's Bay,Staten Island,27558069.25,40.5257,-74.201255,409.5,4.75,5.75,1,110.5
159,Prospect Heights,Brooklyn,13944823.4057143,40.6775476857143,-73.9680633428571,162.214285714286,5.58285714285714,31.0714285714286,1.88857142857143,78.2114285714286
160,Prospect-Lefferts Gardens,Brooklyn,17233193.2462406,40.6592728759398,-73.9552868609023,109.84962406015,5.16729323308271,26.4116541353383,1.75187969924812,94.9605263157895
161,Queens Village,Queens,23029711.55,40.7145938333333,-73.7431536666667,83.9333333333333,3.18333333333333,35.7833333333333,1.56666666666667,166.433333333333
162,Randall Manor,Staten Island,23293226.8421053,40.6327494736842,-74.1215042105263,336,2.57894736842105,18,2.47368421052632,275.210526315789
163,Red Hook,Brooklyn,18191389.7848101,40.6772101265823,-74.0097963291139,143.455696202532,3.84810126582278,28.6455696202532,1.24050632911392,96.2025316455696
164,Rego Park,Queens,22164266.7830189,40.7268046226415,-73.8616827358491,83.877358490566,5.40566037735849,25.9811320754717,2.45283018867925,133.566037735849
165,Richmond Hill,Queens,23172888.1935484,40.6939016129032,-73.8300772043011,87.4086021505376,5.08602150537634,34.7311827956989,2.58064516129032,193.139784946237
166,Richmondtown,Staten Island,12966225,40.57093,-74.12429,78,3,79,1,300
167,Ridgewood,Queens,22131147.8218527,40.7040773159145,-73.905873871734,76.8503562945368,8.00237529691211,18.4750593824228,3.0855106888361,114.969121140143
168,Riverdale,Bronx,18602901,40.8873518181818,-73.9120636363636,442.090909090909,5.36363636363636,26.6363636363636,1.54545454545455,160.818181818182
169,Rockaway Beach,Queens,24066175.9642857,40.5874335714286,-73.8137830357143,132.178571428571,3.28571428571429,24.25,1.46428571428571,162.428571428571
170,Roosevelt Island,Manhattan,19625968.6710526,40.7631946052632,-73.9486311842105,112.776315789474,6.64473684210526,15.9736842105263,1.26315789473684,73.5394736842105
171,Rosebank,Staten Island,30226582.2857143,40.6121485714286,-74.0709914285714,111.857142857143,2.14285714285714,30.7142857142857,1,175.142857142857
172,Rosedale,Queens,24253611.3050847,40.6594689830508,-73.7344561016949,76.6949152542373,3.54237288135593,28.3559322033898,2.08474576271186,177.949152542373
173,Rossville,Staten Island,26258351,40.5479,-74.21017,75,3,21,1,59
174,Schuylerville,Bronx,24777276.9230769,40.8358576923077,-73.83347,69.2307692307692,2.15384615384615,32.5384615384615,3,143.230769230769
175,Sea Gate,Brooklyn,20179551.7142857,40.5771185714286,-74.00872,487.857142857143,4.14285714285714,1.42857142857143,1.85714285714286,65.5714285714286
176,Sheepshead Bay,Brooklyn,22135398.2317073,40.596230304878,-73.9520821951219,105.774390243902,5.32317073170732,19.890243902439,2.38414634146341,160.536585365854
177,Shore Acres,Staten Island,18593856.4285714,40.6088228571429,-74.0667242857143,152.714285714286,2.85714285714286,20.8571428571429,1,114.571428571429
178,Silver Lake,Staten Island,15825892.5,40.623395,-74.0965,70,2.5,118.5,1,162
179,SoHo,Manhattan,18771563.4504249,40.7243537110482,-74.0020360339943,285.096317280453,6,20.4957507082153,3.35694050991501,111.685552407932
180,Soundview,Bronx,21705167.0666667,40.8269206666667,-73.8699126666667,53.4666666666667,2.13333333333333,29.4,1.8,133.666666666667
181,South Beach,Staten Island,24698415,40.59120125,-74.08733125,89.25,2.375,11.875,2,182.875
182,South Ozone Park,Queens,24610901.025,40.67225925,-73.804218,82.4,3.1,48.675,3.325,226.1
183,South Slope,Brooklyn,13884598.6236559,40.6649062724014,-73.9853894623656,147.759856630824,6.06451612903226,37.2939068100358,1.45878136200717,84.1469534050179
184,Springfield Gardens,Queens,25911106.7764706,40.6676898823529,-73.7624281176471,94.2352941176471,2.02352941176471,69.0941176470588,2.91764705882353,204.011764705882
185,Spuyten Duyvil,Bronx,16357305.25,40.88109,-73.916775,154.75,48.25,17.5,1,270
186,St. Albans,Queens,22417084.2631579,40.6956676315789,-73.7620676315789,100.828947368421,1.88157894736842,34,2.36842105263158,225.973684210526
187,St. George,Staten Island,20425124.1702128,40.643229787234,-74.0818293617021,116.617021276596,10.7659574468085,42.2765957446809,1.95744680851064,188.063829787234
188,Stapleton,Staten Island,21580831.0740741,40.6326633333333,-74.0784951851852,98.962962962963,2.77777777777778,38.3703703703704,2.03703703703704,215.62962962963
189,Stuyvesant Town,Manhattan,24118355.0833333,40.7318330555556,-73.9782302777778,132.138888888889,10.25,8.38888888888889,1.27777777777778,66.9166666666667
190,Sunnyside,Queens,19973610.8060942,40.7424301939058,-73.9207029362881,83.5346260387812,6.99168975069252,22.3545706371191,7.03601108033241,126.404432132964
191,Sunset Park,Brooklyn,19362161.2919897,40.6525305943152,-74.0034516795866,113.413436692506,6.44702842377261,20.3669250645995,1.9250645994832,107.467700258398
192,Theater District,Manhattan,24914806.9616725,40.7598268292683,-73.9855005574913,248.04181184669,12.8327526132404,15.1289198606272,65.1672473867596,202.574912891986
193,Throgs Neck,Bronx,27554229.875,40.82415625,-73.8217779166667,91.0416666666667,1.91666666666667,32.0416666666667,2.33333333333333,175.791666666667
194,Todt Hill,Staten Island,26210433.75,40.603375,-74.110105,169,5.25,4,2,89
195,Tompkinsville,Staten Island,18750605.2857143,40.6331345238095,-74.0864647619048,76.1904761904762,2.30952380952381,57.1428571428571,2.57142857142857,209.428571428571
196,Tottenville,Staten Island,18235006.4285714,40.50735,-74.23939,144.857142857143,2.42857142857143,19.8571428571429,1.28571428571429,267.571428571429
197,Tremont,Bronx,17669269.8181818,40.8436790909091,-73.8913136363636,51.5454545454545,2.36363636363636,20.6363636363636,1.81818181818182,119
198,Tribeca,Manhattan,19894010.8285714,40.7177317142857,-74.0074263428571,487.274285714286,11.4228571428571,11.6228571428571,43.4514285714286,127.954285714286
199,Two Bridges,Manhattan,19902510.0555556,40.7117272222222,-73.9957801388889,127.069444444444,4.875,29.5694444444444,1.55555555555556,86.2361111111111
200,Unionport,Bronx,29217572.7142857,40.8282942857143,-73.8524628571429,137.142857142857,2.42857142857143,14.8571428571429,1.42857142857143,244
201,University Heights,Bronx,18751207.952381,40.8580580952381,-73.9101619047619,69.5714285714286,2.61904761904762,37.0952380952381,2.71428571428571,135.285714285714
202,Upper East Side,Manhattan,18306621.5423251,40.7727135214447,-73.9547643340858,186.466139954853,9.29966139954853,17.8814898419865,9.15744920993228,114.26072234763
203,Upper West Side,Manhattan,17159406.4461062,40.7884583135637,-73.9737340845797,204.720474471377,9.60443527591542,18.5941206807633,6.82413615265601,97.5863847343992
204,Van Nest,Bronx,25548360.4545455,40.84326,-73.8671554545455,113.818181818182,7.09090909090909,18.7272727272727,2.45454545454545,156.363636363636
205,Vinegar Hill,Brooklyn,18969323.5,40.7015467647059,-73.9833114705882,187.176470588235,18.3529411764706,16.0294117647059,1.26470588235294,79.5294117647059
206,Wakefield,Bronx,25595000.92,40.8931784,-73.8535778,85.58,3.32,25.58,1.64,197.7
207,Washington Heights,Manhattan,18603852.5089888,40.8444434831461,-73.9383761573034,89.0921348314607,6.5123595505618,19.2820224719101,1.93707865168539,98.3898876404494
208,West Brighton,Staten Island,18857417.0555556,40.6319322222222,-74.1159588888889,80.5555555555556,5.16666666666667,36.4444444444444,2.88888888888889,274.722222222222
209,West Farms,Bronx,19642940.5,40.84135,-73.878455,122,1.5,3.5,1,244.5
210,West Village,Manhattan,16734329.1571995,40.7343529062087,-74.0040475957728,263.566710700132,7.30515191545575,19.663143989432,6.61558784676354,86.221928665786
211,Westchester Square,Bronx,28317026.6,40.83969,-73.846981,122.2,1.9,15.5,1.6,159.7
212,Westerleigh,Staten Island,20706841.5,40.613895,-74.133665,71.5,2.5,9,1,112.5
213,Whitestone,Queens,21317609.7272727,40.7842381818182,-73.81865,107.545454545455,1.90909090909091,22.6363636363636,1.72727272727273,177.272727272727
214,Williamsbridge,Bronx,22874790.3,40.87893525,-73.85814675,96.75,5.875,28.45,2.2,224.45
215,Williamsburg,Brooklyn,17777257.6592439,40.7125488477473,-73.9518400750906,143.156395649922,6.12454686690834,22.1172967374417,1.49249093733817,74.6941998964267
216,Willowbrook,Staten Island,27088022,40.59886,-74.13217,249,4,9,2,351
217,Windsor Terrace,Brooklyn,15860373.4480519,40.6545872727273,-73.978035,138.974025974026,8.71428571428571,28.0779220779221,1.54545454545455,83.4805194805195
218,Woodhaven,Queens,25909759.7011494,40.6919713793103,-73.8583454022989,65.0689655172414,2.77011494252874,32.0919540229885,3.77011494252874,202.862068965517
219,Woodlawn,Bronx,21897463.3636364,40.8974209090909,-73.8679390909091,60.0909090909091,1.45454545454545,44,1.72727272727273,98.2727272727273
220,Woodside,Queens,24123869.0765957,40.7459250212766,-73.9027229787234,85.0978723404255,10.3148936170213,21.4255319148936,19.3787234042553,130.217021276596